bssid,gps_text
14:ca:56:f5:f9:22,Lat: 13.6809694, Lng: 100.6103321, Accuracy: 41.282m
b8:5d:c3:02:04:c8,Lat: 13.681103927724994, Lng: 100.6106729819331, Accuracy: 4.9m
aa:26:1e:3a:2c:5d,Lat: 13.681103927724994, Lng: 100.6106729819331, Accuracy: 4.9m
58:d3:12:b0:a7:3c,Lat: 13.6807076, Lng: 100.6099783, Accuracy: 100.0m
0e:01:4b:4f:59:47,Lat: 13.681103927724994, Lng: 100.6106729819331, Accuracy: 4.9m
62:10:9e:59:44:54,Lat: 13.681103927724994, Lng: 100.6106729819331, Accuracy: 4.9m
7a:53:0d:18:24:72,Lat: 13.681149239412873, Lng: 100.61019149802068, Accuracy: 4.7m
58:d3:12:b0:a7:3d,Lat: 13.681103927724994, Lng: 100.6106729819331, Accuracy: 4.9m
cc:29:bd:d1:a3:a4,Lat: 13.680905139966903, Lng: 100.61010832580418, Accuracy: 4.7m
20:9a:e9:05:a4:52,Lat: 13.681103927724994, Lng: 100.6106729819331, Accuracy: 4.9m
0c:01:4b:3f:59:47,Lat: 13.681103927724994, Lng: 100.6106729819331, Accuracy: 4.9m
64:20:e3:be:77:46,Lat: 13.681103927724994, Lng: 100.6106729819331, Accuracy: 4.9m
5a:d3:12:40:a7:3d,Lat: 13.6807076, Lng: 100.6099783, Accuracy: 100.0m
48:81:d4:0d:9c:4b,Lat: 13.681103927724994, Lng: 100.6106729819331, Accuracy: 4.9m
74:c9:a3:f5:2e:74,Lat: 13.681103927724994, Lng: 100.6106729819331, Accuracy: 4.9m
20:08:89:13:6a:fe,Lat: 13.6810421, Lng: 100.6106281, Accuracy: 15.694m
de:cd:2f:89:f5:27,Lat: 13.681103927724994, Lng: 100.6106729819331, Accuracy: 4.9m
38:91:48:e2:9f:bd,Lat: 13.681103927724994, Lng: 100.6106729819331, Accuracy: 4.9m
14:ca:56:f5:f9:21,Lat: 13.6809694, Lng: 100.6103321, Accuracy: 41.282m
22:08:89:73:6a:fe,Lat: 13.6809694, Lng: 100.6103321, Accuracy: 41.282m
66:20:e3:18:cf:55,Lat: 13.6809694, Lng: 100.6103321, Accuracy: 41.282m
64:20:e3:48:cf:55,Lat: 13.6809694, Lng: 100.6103321, Accuracy: 41.282m
b8:5d:c3:02:68:98,Lat: 13.6807076, Lng: 100.6099783, Accuracy: 100.0m
e6:dc:cc:db:15:34,Lat: 13.6809694, Lng: 100.6103321, Accuracy: 41.282m
cc:4e:ec:42:f7:a8,Lat: 13.6809694, Lng: 100.6103321, Accuracy: 41.282m
66:20:e3:78:cf:56,Lat: 13.6809694, Lng: 100.6103321, Accuracy: 41.282m
64:20:e1:62:d7:fe,Lat: 13.68100254164745, Lng: 100.61013341493586, Accuracy: 4.7m
30:fb:b8:fc:05:5c,Lat: 13.6809694, Lng: 100.6103321, Accuracy: 41.282m
22:08:89:f3:6a:ff,Lat: 13.6809694, Lng: 100.6103321, Accuracy: 41.282m
2c:08:8c:bb:e7:12,Lat: 13.6809694, Lng: 100.6103321, Accuracy: 41.282m
66:20:e3:95:b7:16,Lat: 13.6809694, Lng: 100.6103321, Accuracy: 41.282m
20:08:89:83:6a:ff,Lat: 13.6809694, Lng: 100.6103321, Accuracy: 41.282m
7a:53:0d:12:00:d1,Lat: 13.6809694, Lng: 100.6103321, Accuracy: 41.282m
f8:af:db:fe:a0:b4,Lat: 13.6809694, Lng: 100.6103321, Accuracy: 41.282m
cc:4e:ec:42:74:a0,Lat: 13.6809694, Lng: 100.6103321, Accuracy: 41.282m
ba:5d:c3:02:04:d2,Lat: 13.68100254164745, Lng: 100.61013341493586, Accuracy: 4.7m
4c:ed:fb:3c:56:b4,Lat: 13.68100254164745, Lng: 100.61013341493586, Accuracy: 4.7m
e6:dc:cc:db:15:30,Lat: 13.6809694, Lng: 100.6103321, Accuracy: 41.282m
30:fb:b8:fc:05:60,Lat: 13.6809694, Lng: 100.6103321, Accuracy: 41.282m
dc:ef:80:e0:57:34,Lat: 13.6809694, Lng: 100.6103321, Accuracy: 41.282m
7a:53:0d:18:e5:ea,Lat: 13.6809694, Lng: 100.6103321, Accuracy: 41.282m
74:e9:bf:6f:ec:e0,Lat: 13.6809694, Lng: 100.6103321, Accuracy: 41.282m
6a:9e:29:4f:63:6c,Lat: 13.6809694, Lng: 100.6103321, Accuracy: 41.282m
68:9e:29:df:63:6c,Lat: 13.6809694, Lng: 100.6103321, Accuracy: 41.282m
1e:5d:de:7a:80:d3,Lat: 13.6809694, Lng: 100.6103321, Accuracy: 41.282m
70:f8:2b:ba:96:7d,Lat: 13.6809694, Lng: 100.6103321, Accuracy: 41.282m
e8:5a:d1:e6:f8:d6,Lat: 13.681444464036652, Lng: 100.61056887810564, Accuracy: 4.9m
dc:ef:80:e0:57:38,Lat: 13.6809694, Lng: 100.6103321, Accuracy: 41.282m
64:20:e3:c6:1f:0e,Lat: 13.681474178690081, Lng: 100.61055060411337, Accuracy: 4.9m
ea:81:75:49:80:a7,Lat: 13.6809694, Lng: 100.6103321, Accuracy: 41.282m
66:20:e1:9c:b9:66,Lat: 13.6809694, Lng: 100.6103321, Accuracy: 41.282m
64:20:e1:8c:b9:67,Lat: 13.6809694, Lng: 100.6103321, Accuracy: 41.282m
dc:ef:80:e0:57:3b,Lat: 13.6809694, Lng: 100.6103321, Accuracy: 41.282m
66:20:e3:07:1f:0d,Lat: 13.681474178690081, Lng: 100.61055060411337, Accuracy: 4.9m
e8:81:75:29:80:a7,Lat: 13.6809694, Lng: 100.6103321, Accuracy: 41.282m
e8:81:75:29:80:a6,Lat: 13.6809694, Lng: 100.6103321, Accuracy: 41.282m
7a:53:0d:18:e5:e9,Lat: 13.6809694, Lng: 100.6103321, Accuracy: 41.282m
68:9e:29:df:63:6b,Lat: 13.6809694, Lng: 100.6103321, Accuracy: 41.282m
e8:5a:d1:e6:f8:d7,Lat: 13.6809694, Lng: 100.6103321, Accuracy: 41.282m
98:00:6a:22:1a:c8,Lat: 13.681474178690081, Lng: 100.61055060411337, Accuracy: 4.9m
98:00:6a:22:1a:c9,Lat: 13.6809694, Lng: 100.6103321, Accuracy: 41.282m
74:e9:bf:6f:65:00,Lat: 13.681444464036652, Lng: 100.61056887810564, Accuracy: 4.9m
50:4f:3b:e5:29:6a,Lat: 13.681474178690081, Lng: 100.61055060411337, Accuracy: 4.9m
66:20:e3:1c:0f:36,Lat: 13.681474178690081, Lng: 100.61055060411337, Accuracy: 4.9m
9c:63:5b:74:4a:a6,Lat: 13.681455715200117, Lng: 100.61053743444579, Accuracy: 9.071986m
64:20:e3:9c:0f:37,Lat: 13.681474178690081, Lng: 100.61055060411337, Accuracy: 4.9m
4e:d9:e7:f8:2a:90,Lat: 13.681474178690081, Lng: 100.61055060411337, Accuracy: 4.9m
74:e9:bf:6f:65:04,Lat: 13.681444464036652, Lng: 100.61056887810564, Accuracy: 4.9m
4a:81:d4:dd:9c:4b,Lat: 13.681474178690081, Lng: 100.61055060411337, Accuracy: 4.9m
66:20:e3:9c:0f:36,Lat: 13.681474178690081, Lng: 100.61055060411337, Accuracy: 4.9m
74:e9:bf:6f:65:07,Lat: 13.681444464036652, Lng: 100.61056887810564, Accuracy: 4.9m
ac:b3:b5:6e:73:e4,Lat: 13.681474178690081, Lng: 100.61055060411337, Accuracy: 4.9m
56:4f:3b:e5:32:e6,Lat: 13.681474178690081, Lng: 100.61055060411337, Accuracy: 4.9m
44:d9:e7:f8:2a:90,Lat: 13.681474178690081, Lng: 100.61055060411337, Accuracy: 4.9m
4a:81:d4:5d:9c:97,Lat: 13.681474178690081, Lng: 100.61055060411337, Accuracy: 4.9m
4a:d9:e7:f8:2a:90,Lat: 13.681474178690081, Lng: 100.61055060411337, Accuracy: 4.9m
50:4f:3b:e5:32:e6,Lat: 13.681474178690081, Lng: 100.61055060411337, Accuracy: 4.9m
76:34:2b:ec:2b:dc,Lat: 13.681474178690081, Lng: 100.61055060411337, Accuracy: 4.9m
aa:ba:70:0d:47:39,Lat: 13.681474178690081, Lng: 100.61055060411337, Accuracy: 4.9m
0c:80:63:3a:0d:9b,Lat: 13.681474178690081, Lng: 100.61055060411337, Accuracy: 4.9m
5a:4f:3b:e5:29:6a,Lat: 13.681444464036652, Lng: 100.61056887810564, Accuracy: 4.9m
66:20:e3:14:82:5e,Lat: 13.681474178690081, Lng: 100.61055060411337, Accuracy: 4.9m
c2:8f:20:1b:84:f1,Lat: 13.681444464036652, Lng: 100.61056887810564, Accuracy: 4.9m
f8:53:29:ed:bf:58,Lat: 13.681474178690081, Lng: 100.61055060411337, Accuracy: 4.9m
a4:ba:70:0d:47:39,Lat: 13.681700485597538, Lng: 100.61034023153114, Accuracy: 6.235547m
5a:4f:3b:e5:1f:d6,Lat: 13.681474178690081, Lng: 100.61055060411337, Accuracy: 4.9m
fe:12:2c:d7:6a:0c,Lat: 13.681474178690081, Lng: 100.61055060411337, Accuracy: 4.9m
66:20:e3:16:29:08,Lat: 13.681474178690081, Lng: 100.61055060411337, Accuracy: 4.9m
c0:bc:9a:b1:c0:0c,Lat: 13.681474178690081, Lng: 100.61055060411337, Accuracy: 4.9m
50:4f:3b:e5:32:e7,Lat: 13.681474178690081, Lng: 100.61055060411337, Accuracy: 4.9m
66:20:e3:96:81:8e,Lat: 13.681455715200117, Lng: 100.61053743444579, Accuracy: 9.071986m
64:20:e3:b1:a5:c7,Lat: 13.681474178690081, Lng: 100.61055060411337, Accuracy: 4.9m
20:08:89:4b:a2:6e,Lat: 13.681474178690081, Lng: 100.61055060411337, Accuracy: 4.9m
66:20:e3:97:cc:48,Lat: 13.681474178690081, Lng: 100.61055060411337, Accuracy: 4.9m
66:20:e3:9b:45:7e,Lat: 13.681474178690081, Lng: 100.61055060411337, Accuracy: 4.9m
a8:42:a1:c8:13:5b,Lat: 13.681474178690081, Lng: 100.61055060411337, Accuracy: 4.9m
ca:42:a1:c8:13:5b,Lat: 13.681455715200117, Lng: 100.61053743444579, Accuracy: 9.071986m
44:12:44:02:0b:70,Lat: 13.681474178690081, Lng: 100.61055060411337, Accuracy: 4.9m
22:08:89:7b:a2:6e,Lat: 13.681474178690081, Lng: 100.61055060411337, Accuracy: 4.9m
66:20:e3:91:a5:c6,Lat: 13.681474178690081, Lng: 100.61055060411337, Accuracy: 4.9m
44:12:44:02:0b:71,Lat: 13.681474178690081, Lng: 100.61055060411337, Accuracy: 4.9m
5a:4f:3b:e5:29:6b,Lat: 13.681474178690081, Lng: 100.61055060411337, Accuracy: 4.9m
64:20:e1:58:99:ae,Lat: 13.681444464036652, Lng: 100.61056887810564, Accuracy: 4.9m
78:8a:20:54:15:52,Lat: 13.681474178690081, Lng: 100.61055060411337, Accuracy: 4.9m
66:20:e1:1e:fb:1e,Lat: 13.681474178690081, Lng: 100.61055060411337, Accuracy: 4.9m
64:20:e3:3b:45:7f,Lat: 13.681474178690081, Lng: 100.61055060411337, Accuracy: 4.9m
64:20:e3:82:aa:8f,Lat: 13.681474178690081, Lng: 100.61055060411337, Accuracy: 4.9m
66:20:e3:9d:7a:ae,Lat: 13.681474178690081, Lng: 100.61055060411337, Accuracy: 4.9m
66:20:e1:90:33:7e,Lat: 13.681444464036652, Lng: 100.61056887810564, Accuracy: 4.9m
10:5f:02:e7:81:82,Lat: 13.681474178690081, Lng: 100.61055060411337, Accuracy: 4.9m
82:8a:20:55:15:52,Lat: 13.681474178690081, Lng: 100.61055060411337, Accuracy: 4.9m
7e:8a:20:55:15:52,Lat: 13.681474178690081, Lng: 100.61055060411337, Accuracy: 4.9m
5a:4f:3b:e5:33:53,Lat: 13.681474178690081, Lng: 100.61055060411337, Accuracy: 4.9m
44:d9:e7:f8:29:d0,Lat: 13.681474178690081, Lng: 100.61055060411337, Accuracy: 4.9m
66:20:e3:1b:90:1e,Lat: 13.681474178690081, Lng: 100.61055060411337, Accuracy: 4.9m
48:81:d4:0d:a0:43,Lat: 13.681474178690081, Lng: 100.61055060411337, Accuracy: 4.9m
64:20:e3:d7:cc:49,Lat: 13.681474178690081, Lng: 100.61055060411337, Accuracy: 4.9m
f8:53:29:ed:bf:5b,Lat: 13.681474178690081, Lng: 100.61055060411337, Accuracy: 4.9m
10:c3:ab:3d:60:b1,Lat: 13.681455715200117, Lng: 100.61053743444579, Accuracy: 9.071986m
64:20:e0:75:e9:19,Lat: 13.681474178690081, Lng: 100.61055060411337, Accuracy: 4.9m
cc:29:bd:d0:fa:60,Lat: 13.681474178690081, Lng: 100.61055060411337, Accuracy: 4.9m
fe:12:2c:d7:6a:10,Lat: 13.681474178690081, Lng: 100.61055060411337, Accuracy: 4.9m
3a:72:c2:e8:b8:f1,Lat: 13.681474178690081, Lng: 100.61055060411337, Accuracy: 4.9m
64:20:e3:bd:7a:af,Lat: 13.681474178690081, Lng: 100.61055060411337, Accuracy: 4.9m
64:20:e1:8e:fb:1f,Lat: 13.681474178690081, Lng: 100.61055060411337, Accuracy: 4.9m
74:e9:bf:98:78:84,Lat: 13.681474178690081, Lng: 100.61055060411337, Accuracy: 4.9m
82:8a:20:55:27:e9,Lat: 13.681474178690081, Lng: 100.61055060411337, Accuracy: 4.9m
50:4f:3b:e5:29:6b,Lat: 13.681700485597538, Lng: 100.61034023153114, Accuracy: 6.235547m
50:4f:3b:e5:33:53,Lat: 13.681474178690081, Lng: 100.61055060411337, Accuracy: 4.9m
d4:4f:67:12:0b:50,Lat: 13.681444464036652, Lng: 100.61056887810564, Accuracy: 4.9m
10:5f:02:e7:81:81,Lat: 13.681474178690081, Lng: 100.61055060411337, Accuracy: 4.9m
fc:ec:da:8e:e4:0e,Lat: 13.681474178690081, Lng: 100.61055060411337, Accuracy: 4.9m
66:20:e3:95:71:26,Lat: 13.681474178690081, Lng: 100.61055060411337, Accuracy: 4.9m
64:20:e3:95:71:27,Lat: 13.681474178690081, Lng: 100.61055060411337, Accuracy: 4.9m
66:20:e3:92:aa:8e,Lat: 13.681474178690081, Lng: 100.61055060411337, Accuracy: 4.9m
3a:72:c2:85:26:00,Lat: 13.681474178690081, Lng: 100.61055060411337, Accuracy: 4.9m
ae:15:a2:d6:22:ea,Lat: 13.681474178690081, Lng: 100.61055060411337, Accuracy: 4.9m
ac:15:a2:b6:22:e9,Lat: 13.681474178690081, Lng: 100.61055060411337, Accuracy: 4.9m
e0:0e:e4:f4:a7:6d,Lat: 13.681474178690081, Lng: 100.61055060411337, Accuracy: 4.9m
a4:ba:70:0c:67:89,Lat: 13.681700485597538, Lng: 100.61034023153114, Accuracy: 6.235547m
64:20:e1:a3:c5:ee,Lat: 13.681444464036652, Lng: 100.61056887810564, Accuracy: 4.9m
66:20:e3:1e:d6:9e,Lat: 13.681474178690081, Lng: 100.61055060411337, Accuracy: 4.9m
66:20:e3:97:7e:e6,Lat: 13.681455715200117, Lng: 100.61053743444579, Accuracy: 9.071986m
64:20:e3:37:7e:e7,Lat: 13.681455715200117, Lng: 100.61053743444579, Accuracy: 9.071986m
60:45:cb:94:33:8c,Lat: 13.681455715200117, Lng: 100.61053743444579, Accuracy: 9.071986m
9c:63:5b:74:4a:a7,Lat: 13.681455715200117, Lng: 100.61053743444579, Accuracy: 9.071986m
4e:d9:e7:f7:29:d0,Lat: 13.681474178690081, Lng: 100.61055060411337, Accuracy: 4.9m
0a:ec:da:8e:e4:0e,Lat: 13.681474178690081, Lng: 100.61055060411337, Accuracy: 4.9m
96:d2:bc:4c:fb:a4,Lat: 13.681474178690081, Lng: 100.61055060411337, Accuracy: 4.9m
20:08:89:8c:61:43,Lat: 13.681455715200117, Lng: 100.61053743444579, Accuracy: 9.071986m
64:20:e3:96:b0:67,Lat: 13.681474178690081, Lng: 100.61055060411337, Accuracy: 4.9m
64:20:e1:a0:33:7f,Lat: 13.681474178690081, Lng: 100.61055060411337, Accuracy: 4.9m
7e:83:c2:38:30:ab,Lat: 13.681474178690081, Lng: 100.61055060411337, Accuracy: 4.9m
58:d3:12:b0:71:85,Lat: 13.681455715200117, Lng: 100.61053743444579, Accuracy: 9.071986m
7e:8a:20:55:27:e9,Lat: 13.681474178690081, Lng: 100.61055060411337, Accuracy: 4.9m
66:20:e3:93:d3:0e,Lat: 13.681474178690081, Lng: 100.61055060411337, Accuracy: 4.9m
9e:63:5b:44:4a:a7,Lat: 13.681455715200117, Lng: 100.61053743444579, Accuracy: 9.071986m
90:d0:92:fc:b4:60,Lat: 13.681474178690081, Lng: 100.61055060411337, Accuracy: 4.9m
f4:de:af:57:28:ec,Lat: 13.681474178690081, Lng: 100.61055060411337, Accuracy: 4.9m
02:ec:da:8e:e4:0e,Lat: 13.681474178690081, Lng: 100.61055060411337, Accuracy: 4.9m
aa:ba:70:0c:67:89,Lat: 13.681700485597538, Lng: 100.61034023153114, Accuracy: 6.235547m
66:20:e3:96:b0:66,Lat: 13.681474178690081, Lng: 100.61055060411337, Accuracy: 4.9m
82:83:c2:38:30:ab,Lat: 13.681474178690081, Lng: 100.61055060411337, Accuracy: 4.9m
76:34:2b:ec:2b:e0,Lat: 13.681444464036652, Lng: 100.61056887810564, Accuracy: 4.9m
7e:83:c2:38:34:7f,Lat: 13.681700485597538, Lng: 100.61034023153114, Accuracy: 6.235547m
0c:6a:bc:fd:ed:89,Lat: 13.681474178690081, Lng: 100.61055060411337, Accuracy: 4.9m
64:20:e3:a3:d3:0f,Lat: 13.681474178690081, Lng: 100.61055060411337, Accuracy: 4.9m
8c:90:2d:15:cd:f1,Lat: 13.681474178690081, Lng: 100.61055060411337, Accuracy: 4.9m
48:81:d4:0d:ad:67,Lat: 13.681474178690081, Lng: 100.61055060411337, Accuracy: 4.9m
42:58:10:25:9a:99,Lat: 13.681474178690081, Lng: 100.61055060411337, Accuracy: 4.9m
4a:d9:e7:f7:29:d0,Lat: 13.681474178690081, Lng: 100.61055060411337, Accuracy: 4.9m
82:83:c2:38:34:7f,Lat: 13.681700485597538, Lng: 100.61034023153114, Accuracy: 6.235547m
5a:d3:12:40:71:85,Lat: 13.681455715200117, Lng: 100.61053743444579, Accuracy: 9.071986m
f8:af:db:e4:f0:01,Lat: 13.681474178690081, Lng: 100.61055060411337, Accuracy: 4.9m
66:20:e1:18:cd:5e,Lat: 13.681474178690081, Lng: 100.61055060411337, Accuracy: 4.9m
08:40:f3:fd:c2:a5,Lat: 13.681455715200117, Lng: 100.61053743444579, Accuracy: 9.071986m
22:08:89:fb:28:13,Lat: 13.681474178690081, Lng: 100.61055060411337, Accuracy: 4.9m
20:08:89:8b:28:13,Lat: 13.681474178690081, Lng: 100.61055060411337, Accuracy: 4.9m
3a:72:c2:d4:f6:47,Lat: 13.681474178690081, Lng: 100.61055060411337, Accuracy: 4.9m
c4:eb:ff:a2:84:25,Lat: 13.681474178690081, Lng: 100.61055060411337, Accuracy: 4.9m
44:12:44:05:fc:71,Lat: 13.681474178690081, Lng: 100.61055060411337, Accuracy: 4.9m
e6:66:ab:46:0c:56,Lat: 13.681444464036652, Lng: 100.61056887810564, Accuracy: 4.9m
9c:52:f8:7f:bc:5c,Lat: 13.681474178690081, Lng: 100.61055060411337, Accuracy: 4.9m
66:20:e3:96:29:08,Lat: 13.681444464036652, Lng: 100.61056887810564, Accuracy: 4.9m
44:12:44:05:fc:70,Lat: 13.681474178690081, Lng: 100.61055060411337, Accuracy: 4.9m
5a:4f:3b:e5:32:e7,Lat: 13.681474178690081, Lng: 100.61055060411337, Accuracy: 4.9m
66:20:e3:17:7e:e6,Lat: 13.681444464036652, Lng: 100.61056887810564, Accuracy: 4.9m
64:20:e3:37:7e:e6,Lat: 13.681444464036652, Lng: 100.61056887810564, Accuracy: 4.9m
64:20:e3:c6:1f:0d,Lat: 13.681444464036652, Lng: 100.61056887810564, Accuracy: 4.9m
d4:4f:67:12:0b:53,Lat: 13.681444464036652, Lng: 100.61056887810564, Accuracy: 4.9m
56:4f:3b:e5:29:6a,Lat: 13.681353869053783, Lng: 100.61025550930052, Accuracy: 4.7m
7e:4d:8f:8c:67:0e,Lat: 13.681444464036652, Lng: 100.61056887810564, Accuracy: 4.9m
66:20:e3:17:f6:26,Lat: 13.681444464036652, Lng: 100.61056887810564, Accuracy: 4.9m
5c:a6:e6:34:78:d6,Lat: 13.681455715200117, Lng: 100.61053743444579, Accuracy: 9.071986m
66:20:e3:16:81:8e,Lat: 13.681455715200117, Lng: 100.61053743444579, Accuracy: 9.071986m
64:20:e0:91:11:d5,Lat: 13.681444464036652, Lng: 100.61056887810564, Accuracy: 4.9m
f4:de:af:57:28:e8,Lat: 13.681455715200117, Lng: 100.61053743444579, Accuracy: 9.071986m
38:eb:47:c2:cc:20,Lat: 13.681455715200117, Lng: 100.61053743444579, Accuracy: 9.071986m
64:20:e0:72:e9:19,Lat: 13.681444464036652, Lng: 100.61056887810564, Accuracy: 4.9m
66:20:e1:13:c5:ee,Lat: 13.681444464036652, Lng: 100.61056887810564, Accuracy: 4.9m
20:08:89:4c:61:42,Lat: 13.681455715200117, Lng: 100.61053743444579, Accuracy: 9.071986m
48:81:d4:0d:a9:6b,Lat: 13.681444464036652, Lng: 100.61056887810564, Accuracy: 4.9m
38:91:48:e4:36:73,Lat: 13.681444464036652, Lng: 100.61056887810564, Accuracy: 4.9m
e4:66:ab:f6:0c:56,Lat: 13.681444464036652, Lng: 100.61056887810564, Accuracy: 4.9m
4a:81:d4:8d:a0:43,Lat: 13.681444464036652, Lng: 100.61056887810564, Accuracy: 4.9m
3a:91:48:44:36:73,Lat: 13.681444464036652, Lng: 100.61056887810564, Accuracy: 4.9m
22:08:89:fc:61:43,Lat: 13.681444464036652, Lng: 100.61056887810564, Accuracy: 4.9m
da:9a:0d:4b:97:1d,Lat: 13.681444464036652, Lng: 100.61056887810564, Accuracy: 4.9m
d8:9a:0d:bb:97:1d,Lat: 13.681444464036652, Lng: 100.61056887810564, Accuracy: 4.9m
4a:81:d4:5d:a9:6b,Lat: 13.681444464036652, Lng: 100.61056887810564, Accuracy: 4.9m
66:20:e3:9e:e9:9e,Lat: 13.681444464036652, Lng: 100.61056887810564, Accuracy: 4.9m
64:20:e3:9e:e9:9e,Lat: 13.681444464036652, Lng: 100.61056887810564, Accuracy: 4.9m
68:9e:29:5d:b3:a1,Lat: 13.681444464036652, Lng: 100.61056887810564, Accuracy: 4.9m
64:20:e3:d6:29:09,Lat: 13.681444464036652, Lng: 100.61056887810564, Accuracy: 4.9m
66:20:e3:fe:e9:9e,Lat: 13.681444464036652, Lng: 100.61056887810564, Accuracy: 4.9m
6a:9e:29:4d:b3:a1,Lat: 13.681444464036652, Lng: 100.61056887810564, Accuracy: 4.9m
48:81:d4:0d:ad:43,Lat: 13.681444464036652, Lng: 100.61056887810564, Accuracy: 4.9m
3e:f9:f0:46:96:e8,Lat: 13.681353869053783, Lng: 100.61025550930052, Accuracy: 4.7m
3c:f9:f0:66:96:e8,Lat: 13.681353869053783, Lng: 100.61025550930052, Accuracy: 4.7m
64:20:e1:5d:0c:ef,Lat: 13.681444464036652, Lng: 100.61056887810564, Accuracy: 4.9m
32:86:eb:f6:f0:c1,Lat: 13.681444464036652, Lng: 100.61056887810564, Accuracy: 4.9m
64:20:e3:ec:dd:f1,Lat: 13.681444464036652, Lng: 100.61056887810564, Accuracy: 4.9m
66:20:e1:10:33:7e,Lat: 13.681450946005262, Lng: 100.61054375641415, Accuracy: 6.7972965m
64:20:e3:9c:0f:36,Lat: 13.681450946005262, Lng: 100.61054375641415, Accuracy: 6.7972965m
64:20:e1:a0:33:7e,Lat: 13.681450946005262, Lng: 100.61054375641415, Accuracy: 6.7972965m
64:20:e3:a4:82:5e,Lat: 13.681450946005262, Lng: 100.61054375641415, Accuracy: 6.7972965m
64:20:e3:a7:5b:56,Lat: 13.681450946005262, Lng: 100.61054375641415, Accuracy: 6.7972965m
74:e9:bf:6f:65:03,Lat: 13.681450946005262, Lng: 100.61054375641415, Accuracy: 6.7972965m
74:e9:bf:6f:ec:dc,Lat: 13.681450946005262, Lng: 100.61054375641415, Accuracy: 6.7972965m
cc:29:bd:d1:1e:2f,Lat: 13.681450946005262, Lng: 100.61054375641415, Accuracy: 6.7972965m
32:50:fd:9b:3c:52,Lat: 13.681450946005262, Lng: 100.61054375641415, Accuracy: 6.7972965m
64:20:e0:6f:47:e5,Lat: 13.681450946005262, Lng: 100.61054375641415, Accuracy: 6.7972965m
c0:bc:9a:b1:c0:0f,Lat: 13.681700485597538, Lng: 100.61034023153114, Accuracy: 6.235547m
66:20:e3:15:71:26,Lat: 13.681450946005262, Lng: 100.61054375641415, Accuracy: 6.7972965m
64:20:e3:95:71:26,Lat: 13.681450946005262, Lng: 100.61054375641415, Accuracy: 6.7972965m
74:da:88:eb:7d:96,Lat: 13.681450946005262, Lng: 100.61054375641415, Accuracy: 6.7972965m
58:d3:12:b0:71:84,Lat: 13.681455715200117, Lng: 100.61053743444579, Accuracy: 9.071986m
60:83:e7:4b:34:ba,Lat: 13.681455715200117, Lng: 100.61053743444579, Accuracy: 9.071986m
08:40:f3:fd:c2:a1,Lat: 13.681455715200117, Lng: 100.61053743444579, Accuracy: 9.071986m
60:83:e7:4b:34:bb,Lat: 13.681455715200117, Lng: 100.61053743444579, Accuracy: 9.071986m
50:04:b8:21:36:7c,Lat: 13.681455715200117, Lng: 100.61053743444579, Accuracy: 9.071986m
c8:f6:c8:da:83:e6,Lat: 13.681455715200117, Lng: 100.61053743444579, Accuracy: 9.071986m
1e:c3:ab:3d:60:b1,Lat: 13.681455715200117, Lng: 100.61053743444579, Accuracy: 9.071986m
64:20:e3:a6:81:8e,Lat: 13.681700485597538, Lng: 100.61034023153114, Accuracy: 6.235547m
60:83:e7:4b:31:e0,Lat: 13.681455715200117, Lng: 100.61053743444579, Accuracy: 9.071986m
d4:4f:67:12:0b:54,Lat: 13.681455715200117, Lng: 100.61053743444579, Accuracy: 9.071986m
d4:4f:67:12:0b:57,Lat: 13.681455715200117, Lng: 100.61053743444579, Accuracy: 9.071986m
e0:19:54:97:ea:b7,Lat: 13.681455715200117, Lng: 100.61053743444579, Accuracy: 9.071986m
98:25:4a:53:13:a7,Lat: 13.681455715200117, Lng: 100.61053743444579, Accuracy: 9.071986m
60:83:e7:4b:31:e1,Lat: 13.681455715200117, Lng: 100.61053743444579, Accuracy: 9.071986m
92:d8:1b:f3:9b:cb,Lat: 13.681455715200117, Lng: 100.61053743444579, Accuracy: 9.071986m
f8:2e:3f:1c:6b:a4,Lat: 13.681700485597538, Lng: 100.61034023153114, Accuracy: 6.235547m
ba:25:4a:53:13:a7,Lat: 13.681455715200117, Lng: 100.61053743444579, Accuracy: 9.071986m
48:d6:82:be:18:6f,Lat: 13.681455715200117, Lng: 100.61053743444579, Accuracy: 9.071986m
aa:ba:70:0d:3f:ab,Lat: 13.681700485597538, Lng: 100.61034023153114, Accuracy: 6.235547m
a4:ba:70:0d:3f:ab,Lat: 13.681700485597538, Lng: 100.61034023153114, Accuracy: 6.235547m
aa:fa:dc:fc:de:90,Lat: 13.681455715200117, Lng: 100.61053743444579, Accuracy: 9.071986m
10:c3:ab:3d:60:ac,Lat: 13.681700485597538, Lng: 100.61034023153114, Accuracy: 6.235547m
a0:09:2e:2d:8f:b0,Lat: 13.681455715200117, Lng: 100.61053743444579, Accuracy: 9.071986m
66:20:e0:47:59:39,Lat: 13.681455715200117, Lng: 100.61053743444579, Accuracy: 9.071986m
9c:52:f8:7f:bc:58,Lat: 13.681455715200117, Lng: 100.61053743444579, Accuracy: 9.071986m
94:b2:71:be:b0:98,Lat: 13.681700485597538, Lng: 100.61034023153114, Accuracy: 6.235547m
94:b2:71:be:b0:9b,Lat: 13.681700485597538, Lng: 100.61034023153114, Accuracy: 6.235547m
9c:63:5b:78:be:58,Lat: 13.681353869053783, Lng: 100.61025550930052, Accuracy: 4.7m
6c:5a:b0:05:5a:5c,Lat: 13.681700485597538, Lng: 100.61034023153114, Accuracy: 6.235547m
e8:81:75:27:a8:a4,Lat: 13.681353869053783, Lng: 100.61025550930052, Accuracy: 4.7m
3c:f9:f0:66:96:e7,Lat: 13.681700485597538, Lng: 100.61034023153114, Accuracy: 6.235547m
6e:5a:b0:25:5a:5c,Lat: 13.681700485597538, Lng: 100.61034023153114, Accuracy: 6.235547m
66:20:e1:9d:d0:be,Lat: 13.681353869053783, Lng: 100.61025550930052, Accuracy: 4.7m
94:b2:71:be:b0:9c,Lat: 13.681700485597538, Lng: 100.61034023153114, Accuracy: 6.235547m
74:83:c2:2d:56:86,Lat: 13.681700485597538, Lng: 100.61034023153114, Accuracy: 6.235547m
50:78:b3:89:ec:f0,Lat: 13.681700485597538, Lng: 100.61034023153114, Accuracy: 6.235547m
66:20:e3:97:35:38,Lat: 13.681700485597538, Lng: 100.61034023153114, Accuracy: 6.235547m
e8:81:75:27:a8:a5,Lat: 13.681353869053783, Lng: 100.61025550930052, Accuracy: 4.7m
50:78:b3:89:ec:f1,Lat: 13.681700485597538, Lng: 100.61034023153114, Accuracy: 6.235547m
66:20:e3:17:35:38,Lat: 13.681700485597538, Lng: 100.61034023153114, Accuracy: 6.235547m
9c:63:5b:78:be:59,Lat: 13.681353869053783, Lng: 100.61025550930052, Accuracy: 4.7m
9c:53:22:90:5d:c4,Lat: 13.68100254164745, Lng: 100.61013341493586, Accuracy: 4.7m
9e:63:5b:48:be:59,Lat: 13.681353869053783, Lng: 100.61025550930052, Accuracy: 4.7m
e0:19:54:9a:88:4c,Lat: 13.681700485597538, Lng: 100.61034023153114, Accuracy: 6.235547m
e0:19:54:9a:88:4d,Lat: 13.681700485597538, Lng: 100.61034023153114, Accuracy: 6.235547m
66:20:e3:15:a1:e6,Lat: 13.681700485597538, Lng: 100.61034023153114, Accuracy: 6.235547m
be:53:22:90:5d:c4,Lat: 13.68100254164745, Lng: 100.61013341493586, Accuracy: 4.7m
f8:af:db:e5:82:cd,Lat: 13.681700485597538, Lng: 100.61034023153114, Accuracy: 6.235547m
66:20:e1:15:ac:ee,Lat: 13.681353869053783, Lng: 100.61025550930052, Accuracy: 4.7m
38:91:48:df:d8:bc,Lat: 13.681700485597538, Lng: 100.61034023153114, Accuracy: 6.235547m
66:20:e3:1c:6b:c6,Lat: 13.681700485597538, Lng: 100.61034023153114, Accuracy: 6.235547m
a4:ba:70:0d:47:3a,Lat: 13.681700485597538, Lng: 100.61034023153114, Accuracy: 6.235547m
e0:0e:e4:ed:8e:41,Lat: 13.681700485597538, Lng: 100.61034023153114, Accuracy: 6.235547m
64:20:e1:6d:d0:be,Lat: 13.681353869053783, Lng: 100.61025550930052, Accuracy: 4.7m
66:20:e3:9d:14:a6,Lat: 13.681700485597538, Lng: 100.61034023153114, Accuracy: 6.235547m
28:68:d2:64:b5:3c,Lat: 13.681700485597538, Lng: 100.61034023153114, Accuracy: 6.235547m
64:20:e3:95:a1:e6,Lat: 13.681700485597538, Lng: 100.61034023153114, Accuracy: 6.235547m
74:83:c2:37:2c:f7,Lat: 13.681700485597538, Lng: 100.61034023153114, Accuracy: 6.235547m
64:20:e3:ad:14:a7,Lat: 13.681700485597538, Lng: 100.61034023153114, Accuracy: 6.235547m
5a:4f:3b:e5:1f:d7,Lat: 13.681700485597538, Lng: 100.61034023153114, Accuracy: 6.235547m
6c:14:6e:0e:47:13,Lat: 13.681700485597538, Lng: 100.61034023153114, Accuracy: 6.235547m
80:8d:b7:29:28:50,Lat: 13.681353869053783, Lng: 100.61025550930052, Accuracy: 4.7m
80:8d:b7:28:ce:70,Lat: 13.681353869053783, Lng: 100.61025550930052, Accuracy: 4.7m
66:20:e3:9c:6b:c6,Lat: 13.681353869053783, Lng: 100.61025550930052, Accuracy: 4.7m
64:20:e3:4c:6b:c7,Lat: 13.681353869053783, Lng: 100.61025550930052, Accuracy: 4.7m
66:20:e3:9e:d6:9e,Lat: 13.681700485597538, Lng: 100.61034023153114, Accuracy: 6.235547m
64:20:e3:8e:d6:9f,Lat: 13.681700485597538, Lng: 100.61034023153114, Accuracy: 6.235547m
64:20:e1:08:ce:96,Lat: 13.681700485597538, Lng: 100.61034023153114, Accuracy: 6.235547m
14:2e:5e:31:19:19,Lat: 13.681700485597538, Lng: 100.61034023153114, Accuracy: 6.235547m
64:20:e0:b7:59:3a,Lat: 13.681700485597538, Lng: 100.61034023153114, Accuracy: 6.235547m
0e:01:4b:46:37:77,Lat: 13.681700485597538, Lng: 100.61034023153114, Accuracy: 6.235547m
28:68:d2:64:b5:3f,Lat: 13.681700485597538, Lng: 100.61034023153114, Accuracy: 6.235547m
7a:83:c2:38:34:7f,Lat: 13.681700485597538, Lng: 100.61034023153114, Accuracy: 6.235547m
64:20:e1:65:ac:ef,Lat: 13.681700485597538, Lng: 100.61034023153114, Accuracy: 6.235547m
16:ca:56:44:43:b8,Lat: 13.681700485597538, Lng: 100.61034023153114, Accuracy: 6.235547m
14:ca:56:f4:43:b8,Lat: 13.68100254164745, Lng: 100.61013341493586, Accuracy: 4.7m
66:20:e0:97:59:39,Lat: 13.681700485597538, Lng: 100.61034023153114, Accuracy: 6.235547m
c6:eb:ff:42:84:26,Lat: 13.681700485597538, Lng: 100.61034023153114, Accuracy: 6.235547m
0c:01:4b:46:37:77,Lat: 13.681700485597538, Lng: 100.61034023153114, Accuracy: 6.235547m
6c:9e:7c:f3:77:e1,Lat: 13.681700485597538, Lng: 100.61034023153114, Accuracy: 6.235547m
18:64:72:6f:c3:fa,Lat: 13.681700485597538, Lng: 100.61034023153114, Accuracy: 6.235547m
66:20:e3:99:98:d6,Lat: 13.681700485597538, Lng: 100.61034023153114, Accuracy: 6.235547m
64:20:e3:79:98:d7,Lat: 13.681700485597538, Lng: 100.61034023153114, Accuracy: 6.235547m
50:4f:3b:e5:1f:d7,Lat: 13.681700485597538, Lng: 100.61034023153114, Accuracy: 6.235547m
74:83:c2:38:34:7f,Lat: 13.681700485597538, Lng: 100.61034023153114, Accuracy: 6.235547m
64:20:e1:78:cd:5f,Lat: 13.681700485597538, Lng: 100.61034023153114, Accuracy: 6.235547m
16:ca:56:49:8f:e2,Lat: 13.681700485597538, Lng: 100.61034023153114, Accuracy: 6.235547m
48:d6:82:bd:04:4b,Lat: 13.680905139966903, Lng: 100.61010832580418, Accuracy: 4.7m
5c:64:f1:68:f9:ef,Lat: 13.681700485597538, Lng: 100.61034023153114, Accuracy: 6.235547m
c4:eb:ff:a2:84:26,Lat: 13.681700485597538, Lng: 100.61034023153114, Accuracy: 6.235547m
c4:eb:ff:9d:af:e4,Lat: 13.681353869053783, Lng: 100.61025550930052, Accuracy: 4.7m
be:53:22:90:5d:c3,Lat: 13.68100254164745, Lng: 100.61013341493586, Accuracy: 4.7m
42:84:6a:63:93:8f,Lat: 13.681700485597538, Lng: 100.61034023153114, Accuracy: 6.235547m
66:20:e3:9b:6c:56,Lat: 13.681353869053783, Lng: 100.61025550930052, Accuracy: 4.7m
94:46:96:54:58:a3,Lat: 13.681700485597538, Lng: 100.61034023153114, Accuracy: 6.235547m
66:20:e3:9c:f1:48,Lat: 13.681700485597538, Lng: 100.61034023153114, Accuracy: 6.235547m
64:20:e3:ec:f1:49,Lat: 13.681700485597538, Lng: 100.61034023153114, Accuracy: 6.235547m
14:ca:56:f9:8f:e2,Lat: 13.681700485597538, Lng: 100.61034023153114, Accuracy: 6.235547m
4a:d6:82:4d:04:4b,Lat: 13.680905139966903, Lng: 100.61010832580418, Accuracy: 4.7m
5c:64:f1:68:f9:ed,Lat: 13.681700485597538, Lng: 100.61034023153114, Accuracy: 6.235547m
5c:64:f1:68:f9:ea,Lat: 13.681700485597538, Lng: 100.61034023153114, Accuracy: 6.235547m
c6:eb:ff:4d:af:e4,Lat: 13.681353869053783, Lng: 100.61025550930052, Accuracy: 4.7m
c6:eb:ff:4d:a9:00,Lat: 13.681700485597538, Lng: 100.61034023153114, Accuracy: 6.235547m
c4:eb:ff:9d:a9:00,Lat: 13.681700485597538, Lng: 100.61034023153114, Accuracy: 6.235547m
da:a0:e8:47:b7:45,Lat: 13.681353869053783, Lng: 100.61025550930052, Accuracy: 4.7m
86:93:b2:40:f5:63,Lat: 13.681700485597538, Lng: 100.61034023153114, Accuracy: 6.235547m
84:93:b2:20:f5:63,Lat: 13.681700485597538, Lng: 100.61034023153114, Accuracy: 6.235547m
64:20:e3:4a:f1:bf,Lat: 13.681700485597538, Lng: 100.61034023153114, Accuracy: 6.235547m
da:a0:e8:41:38:79,Lat: 13.681700485597538, Lng: 100.61034023153114, Accuracy: 6.235547m
9c:53:22:90:5d:c3,Lat: 13.68100254164745, Lng: 100.61013341493586, Accuracy: 4.7m
e0:0e:e4:ed:8e:3d,Lat: 13.681700485597538, Lng: 100.61034023153114, Accuracy: 6.235547m
02:ec:da:8e:e4:1c,Lat: 13.681700485597538, Lng: 100.61034023153114, Accuracy: 6.235547m
ee:48:b8:9b:73:d9,Lat: 13.680482288297325, Lng: 100.60987592004894, Accuracy: 4.7m
80:8d:b7:a4:a4:95,Lat: 13.680138428012278, Lng: 100.60966139300632, Accuracy: 4.7m
d8:a0:e8:47:b7:45,Lat: 13.681700485597538, Lng: 100.61034023153114, Accuracy: 6.235547m
06:ec:da:8e:e4:1c,Lat: 13.681700485597538, Lng: 100.61034023153114, Accuracy: 6.235547m
6c:9e:7c:f4:4b:c1,Lat: 13.681700485597538, Lng: 100.61034023153114, Accuracy: 6.235547m
48:81:d4:0d:9c:97,Lat: 13.681700485597538, Lng: 100.61034023153114, Accuracy: 6.235547m
22:08:89:fb:a2:6f,Lat: 13.681700485597538, Lng: 100.61034023153114, Accuracy: 6.235547m
98:00:6a:72:c2:8e,Lat: 13.681700485597538, Lng: 100.61034023153114, Accuracy: 6.235547m
66:20:e3:9a:f1:be,Lat: 13.681700485597538, Lng: 100.61034023153114, Accuracy: 6.235547m
80:8d:b7:a4:a4:91,Lat: 13.680138428012278, Lng: 100.60966139300632, Accuracy: 4.7m
66:20:e1:1d:d0:be,Lat: 13.681353869053783, Lng: 100.61025550930052, Accuracy: 4.7m
64:20:e1:6d:d0:bf,Lat: 13.681353869053783, Lng: 100.61025550930052, Accuracy: 4.7m
3c:e3:6b:08:fe:fc,Lat: 13.681353869053783, Lng: 100.61025550930052, Accuracy: 4.7m
64:20:e1:65:ac:ee,Lat: 13.681353869053783, Lng: 100.61025550930052, Accuracy: 4.7m
68:9e:29:5f:ed:34,Lat: 13.681353869053783, Lng: 100.61025550930052, Accuracy: 4.7m
a0:a4:78:e8:5d:47,Lat: 13.681353869053783, Lng: 100.61025550930052, Accuracy: 4.7m
ea:81:75:47:a8:a5,Lat: 13.681353869053783, Lng: 100.61025550930052, Accuracy: 4.7m
68:9e:29:5f:ed:35,Lat: 13.681353869053783, Lng: 100.61025550930052, Accuracy: 4.7m
6a:9e:29:4f:ed:35,Lat: 13.681353869053783, Lng: 100.61025550930052, Accuracy: 4.7m
36:cc:ca:f0:f4:1f,Lat: 13.681353869053783, Lng: 100.61025550930052, Accuracy: 4.7m
94:b2:71:be:b0:9f,Lat: 13.681353869053783, Lng: 100.61025550930052, Accuracy: 4.7m
fa:8f:ca:94:70:48,Lat: 13.681149239412873, Lng: 100.61019149802068, Accuracy: 4.7m
68:9e:29:e2:7b:f5,Lat: 13.681353869053783, Lng: 100.61025550930052, Accuracy: 4.7m
aa:ba:70:0d:3f:aa,Lat: 13.681353869053783, Lng: 100.61025550930052, Accuracy: 4.7m
74:e9:bf:98:78:80,Lat: 13.681353869053783, Lng: 100.61025550930052, Accuracy: 4.7m
92:20:e0:6e:46:2d,Lat: 13.680905139966903, Lng: 100.61010832580418, Accuracy: 4.7m
64:20:e0:6e:46:29,Lat: 13.68100254164745, Lng: 100.61013341493586, Accuracy: 4.7m
6a:9e:29:42:7b:f6,Lat: 13.681353869053783, Lng: 100.61025550930052, Accuracy: 4.7m
68:9e:29:e2:7b:f6,Lat: 13.681353869053783, Lng: 100.61025550930052, Accuracy: 4.7m
90:fd:73:f9:16:ef,Lat: 13.681353869053783, Lng: 100.61025550930052, Accuracy: 4.7m
64:20:e3:44:2b:7f,Lat: 13.681353869053783, Lng: 100.61025550930052, Accuracy: 4.7m
fa:8f:ca:94:6e:fc,Lat: 13.68100254164745, Lng: 100.61013341493586, Accuracy: 4.7m
66:20:e1:95:ac:ee,Lat: 13.681353869053783, Lng: 100.61025550930052, Accuracy: 4.7m
d6:c0:d1:58:63:c2,Lat: 13.681353869053783, Lng: 100.61025550930052, Accuracy: 4.7m
20:08:89:8a:c9:81,Lat: 13.681149239412873, Lng: 100.61019149802068, Accuracy: 4.7m
cc:29:bd:d0:f5:2c,Lat: 13.681353869053783, Lng: 100.61025550930052, Accuracy: 4.7m
64:20:e3:d8:73:d1,Lat: 13.681353869053783, Lng: 100.61025550930052, Accuracy: 4.7m
6a:9e:29:46:e2:6a,Lat: 13.681149239412873, Lng: 100.61019149802068, Accuracy: 4.7m
68:9e:29:e6:e2:6a,Lat: 13.681353869053783, Lng: 100.61025550930052, Accuracy: 4.7m
50:3d:d1:48:ac:ee,Lat: 13.681353869053783, Lng: 100.61025550930052, Accuracy: 4.7m
66:20:e3:9b:e1:46,Lat: 13.68100254164745, Lng: 100.61013341493586, Accuracy: 4.7m
66:20:e1:1a:d0:e6,Lat: 13.681353869053783, Lng: 100.61025550930052, Accuracy: 4.7m
66:20:e1:18:99:ae,Lat: 13.681353869053783, Lng: 100.61025550930052, Accuracy: 4.7m
48:d6:82:ba:65:11,Lat: 13.68100254164745, Lng: 100.61013341493586, Accuracy: 4.7m
66:20:e3:98:73:d0,Lat: 13.681353869053783, Lng: 100.61025550930052, Accuracy: 4.7m
90:fd:73:f9:16:f0,Lat: 13.681353869053783, Lng: 100.61025550930052, Accuracy: 4.7m
66:20:e3:97:be:be,Lat: 13.681353869053783, Lng: 100.61025550930052, Accuracy: 4.7m
64:20:e3:a7:be:bf,Lat: 13.681353869053783, Lng: 100.61025550930052, Accuracy: 4.7m
64:20:e3:bb:6c:57,Lat: 13.681353869053783, Lng: 100.61025550930052, Accuracy: 4.7m
64:20:e3:8b:e1:47,Lat: 13.68100254164745, Lng: 100.61013341493586, Accuracy: 4.7m
3c:a3:7e:41:1a:33,Lat: 13.681353869053783, Lng: 100.61025550930052, Accuracy: 4.7m
4a:d6:82:4a:65:11,Lat: 13.680905139966903, Lng: 100.61010832580418, Accuracy: 4.7m
64:20:e3:f3:b1:11,Lat: 13.680905139966903, Lng: 100.61010832580418, Accuracy: 4.7m
4a:d6:82:4d:04:e1,Lat: 13.68100254164745, Lng: 100.61013341493586, Accuracy: 4.7m
86:93:b2:4f:fd:5f,Lat: 13.681353869053783, Lng: 100.61025550930052, Accuracy: 4.7m
84:93:b2:1f:fd:5f,Lat: 13.681353869053783, Lng: 100.61025550930052, Accuracy: 4.7m
48:d6:82:bd:04:e1,Lat: 13.680905139966903, Lng: 100.61010832580418, Accuracy: 4.7m
66:20:e3:99:d5:96,Lat: 13.681353869053783, Lng: 100.61025550930052, Accuracy: 4.7m
64:20:e1:62:d7:ff,Lat: 13.68100254164745, Lng: 100.61013341493586, Accuracy: 4.7m
64:20:e1:70:58:57,Lat: 13.681353869053783, Lng: 100.61025550930052, Accuracy: 4.7m
de:cb:ac:b9:72:97,Lat: 13.679999565603621, Lng: 100.60961537676395, Accuracy: 6.076557m
4a:d6:82:4b:19:b9,Lat: 13.680260136547219, Lng: 100.60971203131494, Accuracy: 4.7m
48:d6:82:bf:72:ef,Lat: 13.681353869053783, Lng: 100.61025550930052, Accuracy: 4.7m
f8:af:db:e7:cd:05,Lat: 13.681353869053783, Lng: 100.61025550930052, Accuracy: 4.7m
e0:19:54:98:a9:a9,Lat: 13.680905139966903, Lng: 100.61010832580418, Accuracy: 4.7m
48:d6:82:bd:03:f7,Lat: 13.680905139966903, Lng: 100.61010832580418, Accuracy: 4.7m
48:d6:82:bb:19:b9,Lat: 13.680260136547219, Lng: 100.60971203131494, Accuracy: 4.7m
64:20:e0:dd:cc:c6,Lat: 13.681149239412873, Lng: 100.61019149802068, Accuracy: 4.7m
4a:d6:82:4f:72:ef,Lat: 13.681353869053783, Lng: 100.61025550930052, Accuracy: 4.7m
70:f8:2b:e4:3e:f4,Lat: 13.681353869053783, Lng: 100.61025550930052, Accuracy: 4.7m
5a:d3:12:4c:36:b5,Lat: 13.681353869053783, Lng: 100.61025550930052, Accuracy: 4.7m
66:20:e1:90:58:56,Lat: 13.681353869053783, Lng: 100.61025550930052, Accuracy: 4.7m
ba:d2:a3:e1:1b:d4,Lat: 13.681149239412873, Lng: 100.61019149802068, Accuracy: 4.7m
ee:55:1c:e4:b2:54,Lat: 13.681149239412873, Lng: 100.61019149802068, Accuracy: 4.7m
7a:53:0d:18:24:71,Lat: 13.681149239412873, Lng: 100.61019149802068, Accuracy: 4.7m
64:20:e0:dd:cc:c5,Lat: 13.681149239412873, Lng: 100.61019149802068, Accuracy: 4.7m
48:d6:82:bd:04:e0,Lat: 13.68100254164745, Lng: 100.61013341493586, Accuracy: 4.7m
8a:20:e0:5f:25:7e,Lat: 13.681149239412873, Lng: 100.61019149802068, Accuracy: 4.7m
48:d6:82:bd:03:f6,Lat: 13.681149239412873, Lng: 100.61019149802068, Accuracy: 4.7m
64:20:e0:6e:46:25,Lat: 13.68100254164745, Lng: 100.61013341493586, Accuracy: 4.7m
14:ca:56:f4:43:b7,Lat: 13.681149239412873, Lng: 100.61019149802068, Accuracy: 4.7m
e8:48:b8:9b:73:d9,Lat: 13.680482288297325, Lng: 100.60987592004894, Accuracy: 4.7m
64:20:e1:96:20:26,Lat: 13.681149239412873, Lng: 100.61019149802068, Accuracy: 4.7m
68:71:61:75:23:2f,Lat: 13.68100254164745, Lng: 100.61013341493586, Accuracy: 4.7m
f2:48:b8:9b:73:d9,Lat: 13.68100254164745, Lng: 100.61013341493586, Accuracy: 4.7m
68:71:61:75:23:2d,Lat: 13.68100254164745, Lng: 100.61013341493586, Accuracy: 4.7m
68:71:61:75:23:2c,Lat: 13.68100254164745, Lng: 100.61013341493586, Accuracy: 4.7m
64:20:e3:81:bf:07,Lat: 13.681149239412873, Lng: 100.61019149802068, Accuracy: 4.7m
84:93:b2:1f:fd:5e,Lat: 13.681149239412873, Lng: 100.61019149802068, Accuracy: 4.7m
5c:62:8b:00:3d:f0,Lat: 13.681149239412873, Lng: 100.61019149802068, Accuracy: 4.7m
48:d6:82:bd:04:4a,Lat: 13.68100254164745, Lng: 100.61013341493586, Accuracy: 4.7m
66:20:e1:92:d7:fe,Lat: 13.68100254164745, Lng: 100.61013341493586, Accuracy: 4.7m
2c:08:8c:b8:16:4e,Lat: 13.681149239412873, Lng: 100.61019149802068, Accuracy: 4.7m
e8:48:b8:9b:73:d8,Lat: 13.680482288297325, Lng: 100.60987592004894, Accuracy: 4.7m
66:20:e3:91:bf:06,Lat: 13.681149239412873, Lng: 100.61019149802068, Accuracy: 4.7m
e0:0e:e4:e7:c6:f1,Lat: 13.681149239412873, Lng: 100.61019149802068, Accuracy: 4.7m
8a:20:e0:5f:25:7f,Lat: 13.680905139966903, Lng: 100.61010832580418, Accuracy: 4.7m
48:22:54:0f:62:21,Lat: 13.680905139966903, Lng: 100.61010832580418, Accuracy: 4.7m
66:20:e1:9a:38:ae,Lat: 13.680905139966903, Lng: 100.61010832580418, Accuracy: 4.7m
66:20:e3:97:5b:56,Lat: 13.681149239412873, Lng: 100.61019149802068, Accuracy: 4.7m
66:20:e3:11:45:10,Lat: 13.68100254164745, Lng: 100.61013341493586, Accuracy: 4.7m
66:20:e1:00:dd:35,Lat: 13.681149239412873, Lng: 100.61019149802068, Accuracy: 4.7m
4a:22:54:2f:62:21,Lat: 13.68100254164745, Lng: 100.61013341493586, Accuracy: 4.7m
64:20:e1:5a:38:af,Lat: 13.680905139966903, Lng: 100.61010832580418, Accuracy: 4.7m
64:20:e1:63:f3:b7,Lat: 13.680905139966903, Lng: 100.61010832580418, Accuracy: 4.7m
64:20:e3:a7:5b:57,Lat: 13.681149239412873, Lng: 100.61019149802068, Accuracy: 4.7m
22:ad:76:61:49:04,Lat: 13.680905139966903, Lng: 100.61010832580418, Accuracy: 4.7m
64:20:e3:f1:45:10,Lat: 13.681149239412873, Lng: 100.61019149802068, Accuracy: 4.7m
e8:81:75:29:7e:d9,Lat: 13.681149239412873, Lng: 100.61019149802068, Accuracy: 4.7m
64:20:e1:81:dd:36,Lat: 13.681149239412873, Lng: 100.61019149802068, Accuracy: 4.7m
f4:e8:4f:58:90:ab,Lat: 13.681149239412873, Lng: 100.61019149802068, Accuracy: 4.7m
66:20:e1:96:20:26,Lat: 13.681149239412873, Lng: 100.61019149802068, Accuracy: 4.7m
70:f8:2b:db:7d:d1,Lat: 13.680482288297325, Lng: 100.60987592004894, Accuracy: 4.7m
64:20:e3:d8:73:d0,Lat: 13.68100254164745, Lng: 100.61013341493586, Accuracy: 4.7m
ea:81:75:49:7e:d9,Lat: 13.681149239412873, Lng: 100.61019149802068, Accuracy: 4.7m
68:9e:29:e6:e2:69,Lat: 13.681149239412873, Lng: 100.61019149802068, Accuracy: 4.7m
64:20:e3:4c:6b:c6,Lat: 13.681149239412873, Lng: 100.61019149802068, Accuracy: 4.7m
ee:55:1c:e4:b2:58,Lat: 13.681149239412873, Lng: 100.61019149802068, Accuracy: 4.7m
66:20:e1:1a:38:ae,Lat: 13.68100254164745, Lng: 100.61013341493586, Accuracy: 4.7m
f6:e8:4f:48:90:ab,Lat: 13.681149239412873, Lng: 100.61019149802068, Accuracy: 4.7m
5a:d3:12:41:ca:1f,Lat: 13.680482288297325, Lng: 100.60987592004894, Accuracy: 4.7m
e0:0e:e4:f4:ef:6d,Lat: 13.681149239412873, Lng: 100.61019149802068, Accuracy: 4.7m
58:d3:12:b1:ca:1f,Lat: 13.681149239412873, Lng: 100.61019149802068, Accuracy: 4.7m
24:f2:7f:28:21:11,Lat: 13.680905139966903, Lng: 100.61010832580418, Accuracy: 4.7m
c0:e3:fb:cc:4f:30,Lat: 13.680905139966903, Lng: 100.61010832580418, Accuracy: 4.7m
4a:d6:82:4d:03:f7,Lat: 13.68100254164745, Lng: 100.61013341493586, Accuracy: 4.7m
c2:e3:fb:cc:4f:34,Lat: 13.680905139966903, Lng: 100.61010832580418, Accuracy: 4.7m
66:20:e1:15:3e:86,Lat: 13.681149239412873, Lng: 100.61019149802068, Accuracy: 4.7m
64:20:e1:63:f3:b6,Lat: 13.681149239412873, Lng: 100.61019149802068, Accuracy: 4.7m
64:20:e0:30:48:e3,Lat: 13.681149239412873, Lng: 100.61019149802068, Accuracy: 4.7m
4c:ed:fb:3c:56:b0,Lat: 13.68100254164745, Lng: 100.61013341493586, Accuracy: 4.7m
64:20:e0:5f:25:79,Lat: 13.68100254164745, Lng: 100.61013341493586, Accuracy: 4.7m
f0:a8:82:66:82:a9,Lat: 13.68100254164745, Lng: 100.61013341493586, Accuracy: 4.7m
20:08:89:0a:c9:80,Lat: 13.68100254164745, Lng: 100.61013341493586, Accuracy: 4.7m
66:20:e1:12:d7:fe,Lat: 13.68100254164745, Lng: 100.61013341493586, Accuracy: 4.7m
66:20:e3:18:73:d0,Lat: 13.68100254164745, Lng: 100.61013341493586, Accuracy: 4.7m
84:3c:99:e0:69:41,Lat: 13.68100254164745, Lng: 100.61013341493586, Accuracy: 4.7m
8c:eb:c6:47:e1:cc,Lat: 13.680905139966903, Lng: 100.61010832580418, Accuracy: 4.7m
48:22:54:0f:62:22,Lat: 13.680905139966903, Lng: 100.61010832580418, Accuracy: 4.7m
66:20:e3:90:b7:48,Lat: 13.68100254164745, Lng: 100.61013341493586, Accuracy: 4.7m
64:20:e3:f0:b7:49,Lat: 13.68100254164745, Lng: 100.61013341493586, Accuracy: 4.7m
dc:ef:80:d3:21:88,Lat: 13.68100254164745, Lng: 100.61013341493586, Accuracy: 4.7m
64:20:e3:a2:ec:7e,Lat: 13.68100254164745, Lng: 100.61013341493586, Accuracy: 4.7m
66:20:e0:9d:cc:c5,Lat: 13.68100254164745, Lng: 100.61013341493586, Accuracy: 4.7m
64:20:e3:f0:7d:99,Lat: 13.68100254164745, Lng: 100.61013341493586, Accuracy: 4.7m
64:20:e3:9f:3d:2f,Lat: 13.680905139966903, Lng: 100.61010832580418, Accuracy: 4.7m
24:f2:7f:28:21:15,Lat: 13.680905139966903, Lng: 100.61010832580418, Accuracy: 4.7m
c6:eb:ff:41:0e:76,Lat: 13.68100254164745, Lng: 100.61013341493586, Accuracy: 4.7m
b2:8b:92:90:41:19,Lat: 13.68100254164745, Lng: 100.61013341493586, Accuracy: 4.7m
66:20:e3:9f:3d:2e,Lat: 13.680905139966903, Lng: 100.61010832580418, Accuracy: 4.7m
66:20:e3:93:b1:10,Lat: 13.680905139966903, Lng: 100.61010832580418, Accuracy: 4.7m
cc:29:bd:d2:0a:34,Lat: 13.68100254164745, Lng: 100.61013341493586, Accuracy: 4.7m
66:20:e3:94:fc:50,Lat: 13.680260136547219, Lng: 100.60971203131494, Accuracy: 4.7m
64:20:e3:f4:fc:51,Lat: 13.680260136547219, Lng: 100.60971203131494, Accuracy: 4.7m
80:8d:b7:a4:a4:93,Lat: 13.680138428012278, Lng: 100.60966139300632, Accuracy: 4.7m
14:ca:56:f3:fd:2c,Lat: 13.68100254164745, Lng: 100.61013341493586, Accuracy: 4.7m
0c:6a:bc:fc:52:3f,Lat: 13.68100254164745, Lng: 100.61013341493586, Accuracy: 4.7m
e6:90:2a:40:d7:c8,Lat: 13.68100254164745, Lng: 100.61013341493586, Accuracy: 4.7m
66:20:e1:9f:7b:36,Lat: 13.680905139966903, Lng: 100.61010832580418, Accuracy: 4.7m
64:20:e1:8b:de:bf,Lat: 13.68100254164745, Lng: 100.61013341493586, Accuracy: 4.7m
d4:68:4d:27:9c:cc,Lat: 13.680138428012278, Lng: 100.60966139300632, Accuracy: 4.7m
24:f2:7f:28:28:b4,Lat: 13.680260136547219, Lng: 100.60971203131494, Accuracy: 4.7m
b8:5d:c3:02:04:cc,Lat: 13.680482288297325, Lng: 100.60987592004894, Accuracy: 4.7m
90:fd:73:f8:f1:4c,Lat: 13.68100254164745, Lng: 100.61013341493586, Accuracy: 4.7m
8e:dc:97:06:e2:c3,Lat: 13.68100254164745, Lng: 100.61013341493586, Accuracy: 4.7m
66:20:e1:9b:de:be,Lat: 13.68100254164745, Lng: 100.61013341493586, Accuracy: 4.7m
c4:eb:ff:a1:0e:76,Lat: 13.68100254164745, Lng: 100.61013341493586, Accuracy: 4.7m
66:20:e3:18:1a:a6,Lat: 13.68100254164745, Lng: 100.61013341493586, Accuracy: 4.7m
da:9a:0d:4f:e4:4d,Lat: 13.68100254164745, Lng: 100.61013341493586, Accuracy: 4.7m
64:20:e3:8b:e1:46,Lat: 13.680905139966903, Lng: 100.61010832580418, Accuracy: 4.7m
66:20:e3:9a:c4:16,Lat: 13.680905139966903, Lng: 100.61010832580418, Accuracy: 4.7m
64:20:e3:ca:c4:17,Lat: 13.680905139966903, Lng: 100.61010832580418, Accuracy: 4.7m
dc:ef:80:d3:21:8b,Lat: 13.680905139966903, Lng: 100.61010832580418, Accuracy: 4.7m
94:46:96:49:04:3f,Lat: 13.680905139966903, Lng: 100.61010832580418, Accuracy: 4.7m
24:f2:7f:28:21:13,Lat: 13.680905139966903, Lng: 100.61010832580418, Accuracy: 4.7m
66:20:e1:93:f3:b6,Lat: 13.680905139966903, Lng: 100.61010832580418, Accuracy: 4.7m
22:08:89:7d:75:12,Lat: 13.680905139966903, Lng: 100.61010832580418, Accuracy: 4.7m
30:1f:48:5c:ce:59,Lat: 13.680905139966903, Lng: 100.61010832580418, Accuracy: 4.7m
16:13:46:12:f2:3a,Lat: 13.680905139966903, Lng: 100.61010832580418, Accuracy: 4.7m
16:11:5d:10:9d:82,Lat: 13.680905139966903, Lng: 100.61010832580418, Accuracy: 4.7m
c0:b1:01:04:69:c7,Lat: 13.680905139966903, Lng: 100.61010832580418, Accuracy: 4.7m
3a:72:c2:d4:d8:a6,Lat: 13.680905139966903, Lng: 100.61010832580418, Accuracy: 4.7m
ee:55:1c:e6:09:04,Lat: 13.680905139966903, Lng: 100.61010832580418, Accuracy: 4.7m
c6:eb:ff:41:26:be,Lat: 13.680379620684525, Lng: 100.6098650210561, Accuracy: 4.9m
c4:eb:ff:a1:26:be,Lat: 13.680379620684525, Lng: 100.6098650210561, Accuracy: 4.9m
66:20:e3:78:1a:a6,Lat: 13.680905139966903, Lng: 100.61010832580418, Accuracy: 4.7m
50:c7:bf:24:45:45,Lat: 13.680905139966903, Lng: 100.61010832580418, Accuracy: 4.7m
6c:44:2a:53:57:40,Lat: 13.680260136547219, Lng: 100.60971203131494, Accuracy: 4.7m
da:9a:0d:4c:da:c3,Lat: 13.680905139966903, Lng: 100.61010832580418, Accuracy: 4.7m
e0:19:54:98:a9:a8,Lat: 13.680905139966903, Lng: 100.61010832580418, Accuracy: 4.7m
d8:9a:0d:bc:da:c3,Lat: 13.680905139966903, Lng: 100.61010832580418, Accuracy: 4.7m
66:20:e3:9f:8b:06,Lat: 13.680138428012278, Lng: 100.60966139300632, Accuracy: 4.7m
ee:48:b8:9b:73:d8,Lat: 13.680482288297325, Lng: 100.60987592004894, Accuracy: 4.7m
8c:6d:77:e7:8b:08,Lat: 13.680379620684525, Lng: 100.6098650210561, Accuracy: 4.9m
e6:cb:ac:b9:72:97,Lat: 13.680278505476839, Lng: 100.60973933209958, Accuracy: 4.9m
e6:90:2a:40:d7:c4,Lat: 13.680482288297325, Lng: 100.60987592004894, Accuracy: 4.7m
66:20:e1:90:67:c6,Lat: 13.680260136547219, Lng: 100.60971203131494, Accuracy: 4.7m
64:20:e1:90:67:c7,Lat: 13.680260136547219, Lng: 100.60971203131494, Accuracy: 4.7m
64:20:e0:0f:88:b3,Lat: 13.680138428012278, Lng: 100.60966139300632, Accuracy: 4.7m
66:20:e3:1f:8b:06,Lat: 13.680260136547219, Lng: 100.60971203131494, Accuracy: 4.7m
16:ca:56:4e:c9:1c,Lat: 13.680379620684525, Lng: 100.6098650210561, Accuracy: 4.9m
14:ca:56:fe:c9:1c,Lat: 13.680379620684525, Lng: 100.6098650210561, Accuracy: 4.9m
64:20:e3:be:b3:de,Lat: 13.680482288297325, Lng: 100.60987592004894, Accuracy: 4.7m
98:ba:5f:95:a0:cc,Lat: 13.679999565603621, Lng: 100.60961537676395, Accuracy: 6.076557m
f8:79:28:be:ab:45,Lat: 13.680379620684525, Lng: 100.6098650210561, Accuracy: 4.9m
e0:0e:e4:e7:c6:ed,Lat: 13.680482288297325, Lng: 100.60987592004894, Accuracy: 4.7m
d4:68:4d:27:b6:8c,Lat: 13.680260136547219, Lng: 100.60971203131494, Accuracy: 4.7m
66:20:e3:1e:b3:de,Lat: 13.680482288297325, Lng: 100.60987592004894, Accuracy: 4.7m
64:20:e3:81:bf:06,Lat: 13.680482288297325, Lng: 100.60987592004894, Accuracy: 4.7m
68:9e:29:e2:7a:76,Lat: 13.680379620684525, Lng: 100.6098650210561, Accuracy: 4.9m
fa:79:28:4e:ab:45,Lat: 13.680379620684525, Lng: 100.6098650210561, Accuracy: 4.9m
64:20:e3:6e:2a:26,Lat: 13.680482288297325, Lng: 100.60987592004894, Accuracy: 4.7m
9c:a2:f4:02:74:be,Lat: 13.680138428012278, Lng: 100.60966139300632, Accuracy: 4.7m
e8:13:6e:ab:18:d8,Lat: 13.680482288297325, Lng: 100.60987592004894, Accuracy: 4.7m
f8:5e:3c:38:bd:db,Lat: 13.680138428012278, Lng: 100.60966139300632, Accuracy: 4.7m
cc:b1:71:25:08:78,Lat: 13.680482288297325, Lng: 100.60987592004894, Accuracy: 4.7m
e8:81:75:cf:59:ed,Lat: 13.680278505476839, Lng: 100.60973933209958, Accuracy: 4.9m
5a:d3:12:41:ca:07,Lat: 13.680482288297325, Lng: 100.60987592004894, Accuracy: 4.7m
66:20:e3:1e:2a:26,Lat: 13.680482288297325, Lng: 100.60987592004894, Accuracy: 4.7m
66:20:e3:11:bf:06,Lat: 13.680482288297325, Lng: 100.60987592004894, Accuracy: 4.7m
4a:d6:82:4f:72:8f,Lat: 13.680379620684525, Lng: 100.6098650210561, Accuracy: 4.9m
58:d3:12:b1:ca:07,Lat: 13.680482288297325, Lng: 100.60987592004894, Accuracy: 4.7m
64:20:e1:90:67:c6,Lat: 13.680138428012278, Lng: 100.60966139300632, Accuracy: 4.7m
48:d6:82:bf:72:8f,Lat: 13.680379620684525, Lng: 100.6098650210561, Accuracy: 4.9m
66:20:e1:10:67:c6,Lat: 13.680260136547219, Lng: 100.60971203131494, Accuracy: 4.7m
c2:cb:ac:b9:72:97,Lat: 13.679999565603621, Lng: 100.60961537676395, Accuracy: 6.076557m
e2:cb:ac:b9:72:97,Lat: 13.679999565603621, Lng: 100.60961537676395, Accuracy: 6.076557m
ea:cb:ac:b9:72:97,Lat: 13.679999565603621, Lng: 100.60961537676395, Accuracy: 6.076557m
22:08:89:fb:50:f9,Lat: 13.680379620684525, Lng: 100.6098650210561, Accuracy: 4.9m
20:08:89:8b:50:f9,Lat: 13.680379620684525, Lng: 100.6098650210561, Accuracy: 4.9m
64:20:e1:6f:78:bf,Lat: 13.680379620684525, Lng: 100.6098650210561, Accuracy: 4.9m
66:20:e1:9f:78:be,Lat: 13.680278505476839, Lng: 100.60973933209958, Accuracy: 4.9m
f8:53:29:aa:52:00,Lat: 13.680260136547219, Lng: 100.60971203131494, Accuracy: 4.7m
64:20:e3:af:8b:07,Lat: 13.680138428012278, Lng: 100.60966139300632, Accuracy: 4.7m
68:9e:29:e2:79:d4,Lat: 13.680379620684525, Lng: 100.6098650210561, Accuracy: 4.9m
58:d3:12:ae:1f:7f,Lat: 13.680379620684525, Lng: 100.6098650210561, Accuracy: 4.9m
5a:d3:12:4e:1f:7f,Lat: 13.680379620684525, Lng: 100.6098650210561, Accuracy: 4.9m
e0:0e:e4:e7:c6:ee,Lat: 13.680379620684525, Lng: 100.6098650210561, Accuracy: 4.9m
6a:9e:29:42:7a:76,Lat: 13.680379620684525, Lng: 100.6098650210561, Accuracy: 4.9m
c4:0d:96:9f:35:b7,Lat: 13.680260136547219, Lng: 100.60971203131494, Accuracy: 4.7m
da:a0:e8:46:88:8d,Lat: 13.680379620684525, Lng: 100.6098650210561, Accuracy: 4.9m
16:13:46:9e:b3:62,Lat: 13.680379620684525, Lng: 100.6098650210561, Accuracy: 4.9m
6a:9e:29:42:79:d4,Lat: 13.680379620684525, Lng: 100.6098650210561, Accuracy: 4.9m
d8:a0:e8:46:88:8d,Lat: 13.680379620684525, Lng: 100.6098650210561, Accuracy: 4.9m
22:22:51:49:dc:23,Lat: 13.680379620684525, Lng: 100.6098650210561, Accuracy: 4.9m
16:ca:56:49:1e:96,Lat: 13.680379620684525, Lng: 100.6098650210561, Accuracy: 4.9m
14:ca:56:f9:1e:96,Lat: 13.680379620684525, Lng: 100.6098650210561, Accuracy: 4.9m
94:b2:71:5d:05:1b,Lat: 13.680379620684525, Lng: 100.6098650210561, Accuracy: 4.9m
66:20:e3:9c:dc:fe,Lat: 13.680379620684525, Lng: 100.6098650210561, Accuracy: 4.9m
66:20:e3:92:f3:ac,Lat: 13.680379620684525, Lng: 100.6098650210561, Accuracy: 4.9m
66:20:e3:90:38:ce,Lat: 13.680379620684525, Lng: 100.6098650210561, Accuracy: 4.9m
64:20:e3:c0:38:cf,Lat: 13.680379620684525, Lng: 100.6098650210561, Accuracy: 4.9m
64:20:e3:a5:55:f6,Lat: 13.680379620684525, Lng: 100.6098650210561, Accuracy: 4.9m
c0:e3:fb:55:fd:c0,Lat: 13.680379620684525, Lng: 100.6098650210561, Accuracy: 4.9m
ee:55:1c:e5:03:0c,Lat: 13.680379620684525, Lng: 100.6098650210561, Accuracy: 4.9m
64:20:e1:63:99:af,Lat: 13.680379620684525, Lng: 100.6098650210561, Accuracy: 4.9m
42:f5:20:11:e9:4e,Lat: 13.680278505476839, Lng: 100.60973933209958, Accuracy: 4.9m
66:20:e1:9a:d0:e6,Lat: 13.680379620684525, Lng: 100.6098650210561, Accuracy: 4.9m
64:20:e1:5a:d0:e7,Lat: 13.680379620684525, Lng: 100.6098650210561, Accuracy: 4.9m
e0:19:54:98:13:61,Lat: 13.680379620684525, Lng: 100.6098650210561, Accuracy: 4.9m
98:a9:42:7f:12:7c,Lat: 13.680278505476839, Lng: 100.60973933209958, Accuracy: 4.9m
64:20:e0:ba:04:9a,Lat: 13.680379620684525, Lng: 100.6098650210561, Accuracy: 4.9m
3a:91:48:43:b0:bd,Lat: 13.680260136547219, Lng: 100.60971203131494, Accuracy: 4.7m
58:d3:12:aa:ea:09,Lat: 13.680379620684525, Lng: 100.6098650210561, Accuracy: 4.9m
28:11:ec:5f:94:e0,Lat: 13.680260136547219, Lng: 100.60971203131494, Accuracy: 4.7m
66:20:e3:10:38:ce,Lat: 13.680379620684525, Lng: 100.6098650210561, Accuracy: 4.9m
24:f2:7f:28:28:b1,Lat: 13.680260136547219, Lng: 100.60971203131494, Accuracy: 4.7m
80:8d:b7:a5:45:54,Lat: 13.680379620684525, Lng: 100.6098650210561, Accuracy: 4.9m
24:f2:7f:28:22:b1,Lat: 13.679999565603621, Lng: 100.60961537676395, Accuracy: 6.076557m
c4:eb:ff:9b:27:24,Lat: 13.680379620684525, Lng: 100.6098650210561, Accuracy: 4.9m
6c:9e:7c:f3:6c:ab,Lat: 13.680379620684525, Lng: 100.6098650210561, Accuracy: 4.9m
10:7c:61:34:73:76,Lat: 13.680379620684525, Lng: 100.6098650210561, Accuracy: 4.9m
c4:18:fc:50:f2:ea,Lat: 13.680260136547219, Lng: 100.60971203131494, Accuracy: 4.7m
64:20:e3:48:1a:a6,Lat: 13.680379620684525, Lng: 100.6098650210561, Accuracy: 4.9m
24:f2:7f:28:22:b3,Lat: 13.679999565603621, Lng: 100.60961537676395, Accuracy: 6.076557m
de:cb:ac:b9:72:98,Lat: 13.680260136547219, Lng: 100.60971203131494, Accuracy: 4.7m
10:7c:61:34:73:74,Lat: 13.680379620684525, Lng: 100.6098650210561, Accuracy: 4.9m
c4:18:fc:50:f2:ee,Lat: 13.680260136547219, Lng: 100.60971203131494, Accuracy: 4.7m
ce:b1:71:f5:08:70,Lat: 13.680379620684525, Lng: 100.6098650210561, Accuracy: 4.9m
e4:37:9f:0b:ab:af,Lat: 13.680260136547219, Lng: 100.60971203131494, Accuracy: 4.7m
c4:18:fc:50:f2:ec,Lat: 13.680260136547219, Lng: 100.60971203131494, Accuracy: 4.7m
c4:0d:96:9f:35:b4,Lat: 13.680278505476839, Lng: 100.60973933209958, Accuracy: 4.9m
28:11:ec:5f:94:e4,Lat: 13.680278505476839, Lng: 100.60973933209958, Accuracy: 4.9m
f8:53:29:aa:52:03,Lat: 13.680260136547219, Lng: 100.60971203131494, Accuracy: 4.7m
6c:44:2a:53:57:43,Lat: 13.680278505476839, Lng: 100.60973933209958, Accuracy: 4.9m
66:20:e1:9a:9c:76,Lat: 13.680278505476839, Lng: 100.60973933209958, Accuracy: 4.9m
66:20:e3:9d:04:ce,Lat: 13.680278505476839, Lng: 100.60973933209958, Accuracy: 4.9m
64:20:e3:bd:04:cf,Lat: 13.680278505476839, Lng: 100.60973933209958, Accuracy: 4.9m
64:20:e1:8a:9c:77,Lat: 13.680278505476839, Lng: 100.60973933209958, Accuracy: 4.9m
ac:84:c6:05:30:bd,Lat: 13.680278505476839, Lng: 100.60973933209958, Accuracy: 4.9m
e8:81:75:cf:5c:45,Lat: 13.680278505476839, Lng: 100.60973933209958, Accuracy: 4.9m
66:20:e1:95:97:7e,Lat: 13.680260136547219, Lng: 100.60971203131494, Accuracy: 4.7m
66:20:e3:9b:ac:26,Lat: 13.680278505476839, Lng: 100.60973933209958, Accuracy: 4.9m
24:f2:7f:28:27:f4,Lat: 13.679999565603621, Lng: 100.60961537676395, Accuracy: 6.076557m
12:e8:a7:13:3b:90,Lat: 13.680260136547219, Lng: 100.60971203131494, Accuracy: 4.7m
64:20:e3:4b:ac:27,Lat: 13.680278505476839, Lng: 100.60973933209958, Accuracy: 4.9m
24:f2:7f:28:27:f1,Lat: 13.679999565603621, Lng: 100.60961537676395, Accuracy: 6.076557m
c4:69:f0:7e:eb:d3,Lat: 13.680278505476839, Lng: 100.60973933209958, Accuracy: 4.9m
e8:81:75:27:47:d9,Lat: 13.679999565603621, Lng: 100.60961537676395, Accuracy: 6.076557m
f8:53:29:ed:26:18,Lat: 13.680278505476839, Lng: 100.60973933209958, Accuracy: 4.9m
3a:72:c2:71:cc:0f,Lat: 13.680260136547219, Lng: 100.60971203131494, Accuracy: 4.7m
2e:27:68:0f:8c:68,Lat: 13.680260136547219, Lng: 100.60971203131494, Accuracy: 4.7m
98:da:c4:6d:07:6f,Lat: 13.680278505476839, Lng: 100.60973933209958, Accuracy: 4.9m
66:20:e1:98:08:fe,Lat: 13.680278505476839, Lng: 100.60973933209958, Accuracy: 4.9m
64:20:e1:68:08:ff,Lat: 13.680278505476839, Lng: 100.60973933209958, Accuracy: 4.9m
e0:cc:7a:fa:2a:4c,Lat: 13.680260136547219, Lng: 100.60971203131494, Accuracy: 4.7m
ea:81:75:47:47:d9,Lat: 13.679999565603621, Lng: 100.60961537676395, Accuracy: 6.076557m
f8:53:29:aa:51:fc,Lat: 13.680260136547219, Lng: 100.60971203131494, Accuracy: 4.7m
f0:09:0d:56:02:04,Lat: 13.680260136547219, Lng: 100.60971203131494, Accuracy: 4.7m
50:91:e3:81:a4:c2,Lat: 13.680260136547219, Lng: 100.60971203131494, Accuracy: 4.7m
66:20:e1:1f:78:be,Lat: 13.680260136547219, Lng: 100.60971203131494, Accuracy: 4.7m
c4:0d:96:9f:35:b0,Lat: 13.680260136547219, Lng: 100.60971203131494, Accuracy: 4.7m
64:20:e3:af:8b:06,Lat: 13.680260136547219, Lng: 100.60971203131494, Accuracy: 4.7m
64:20:e3:f4:fc:50,Lat: 13.680260136547219, Lng: 100.60971203131494, Accuracy: 4.7m
48:d6:82:bb:19:b8,Lat: 13.680260136547219, Lng: 100.60971203131494, Accuracy: 4.7m
3c:33:32:47:16:61,Lat: 13.680260136547219, Lng: 100.60971203131494, Accuracy: 4.7m
64:20:e0:0f:88:af,Lat: 13.680260136547219, Lng: 100.60971203131494, Accuracy: 4.7m
12:e8:a7:73:3b:90,Lat: 13.680260136547219, Lng: 100.60971203131494, Accuracy: 4.7m
24:f2:7f:28:28:b3,Lat: 13.680260136547219, Lng: 100.60971203131494, Accuracy: 4.7m
66:20:e3:97:f7:c6,Lat: 13.680260136547219, Lng: 100.60971203131494, Accuracy: 4.7m
66:20:e3:17:f7:c6,Lat: 13.680260136547219, Lng: 100.60971203131494, Accuracy: 4.7m
64:20:e3:a7:f7:c6,Lat: 13.680260136547219, Lng: 100.60971203131494, Accuracy: 4.7m
c4:18:fc:50:f2:ef,Lat: 13.680260136547219, Lng: 100.60971203131494, Accuracy: 4.7m
8c:de:f9:48:9a:44,Lat: 13.680260136547219, Lng: 100.60971203131494, Accuracy: 4.7m
24:f2:7f:28:28:a3,Lat: 13.680260136547219, Lng: 100.60971203131494, Accuracy: 4.7m
c2:cb:ac:b9:72:98,Lat: 13.680260136547219, Lng: 100.60971203131494, Accuracy: 4.7m
ea:cb:ac:b9:72:98,Lat: 13.680260136547219, Lng: 100.60971203131494, Accuracy: 4.7m
66:20:e3:14:fc:50,Lat: 13.680260136547219, Lng: 100.60971203131494, Accuracy: 4.7m
e6:cb:ac:b9:72:98,Lat: 13.680260136547219, Lng: 100.60971203131494, Accuracy: 4.7m
e2:cb:ac:b9:72:98,Lat: 13.680260136547219, Lng: 100.60971203131494, Accuracy: 4.7m
64:20:e0:b7:8e:3a,Lat: 13.680260136547219, Lng: 100.60971203131494, Accuracy: 4.7m
c4:18:fc:50:f2:eb,Lat: 13.680260136547219, Lng: 100.60971203131494, Accuracy: 4.7m
c4:18:fc:50:f2:ed,Lat: 13.680260136547219, Lng: 100.60971203131494, Accuracy: 4.7m
90:e9:5e:80:95:6e,Lat: 13.680260136547219, Lng: 100.60971203131494, Accuracy: 4.7m
38:91:48:e3:b0:bd,Lat: 13.680260136547219, Lng: 100.60971203131494, Accuracy: 4.7m
90:e9:5e:80:95:6f,Lat: 13.680260136547219, Lng: 100.60971203131494, Accuracy: 4.7m
66:20:e3:9b:11:b6,Lat: 13.680260136547219, Lng: 100.60971203131494, Accuracy: 4.7m
de:0d:17:f5:20:6e,Lat: 13.680260136547219, Lng: 100.60971203131494, Accuracy: 4.7m
c4:eb:ff:9e:f3:42,Lat: 13.680260136547219, Lng: 100.60971203131494, Accuracy: 4.7m
80:8d:b7:a4:be:74,Lat: 13.679999565603621, Lng: 100.60961537676395, Accuracy: 6.076557m
20:08:89:83:af:f9,Lat: 13.680260136547219, Lng: 100.60971203131494, Accuracy: 4.7m
80:8d:b7:a4:be:71,Lat: 13.679999565603621, Lng: 100.60961537676395, Accuracy: 6.076557m
16:ca:56:45:d9:ae,Lat: 13.680260136547219, Lng: 100.60971203131494, Accuracy: 4.7m
80:8d:b7:a4:be:73,Lat: 13.679999565603621, Lng: 100.60961537676395, Accuracy: 6.076557m
24:f2:7f:34:14:75,Lat: 13.679999565603621, Lng: 100.60961537676395, Accuracy: 6.076557m
24:f2:7f:34:14:73,Lat: 13.679999565603621, Lng: 100.60961537676395, Accuracy: 6.076557m
24:f2:7f:34:14:71,Lat: 13.679999565603621, Lng: 100.60961537676395, Accuracy: 6.076557m
d4:4f:67:11:d7:44,Lat: 13.680260136547219, Lng: 100.60971203131494, Accuracy: 4.7m
e4:37:9f:0b:ab:ae,Lat: 13.680260136547219, Lng: 100.60971203131494, Accuracy: 4.7m
14:ca:56:f5:d9:ae,Lat: 13.680138428012278, Lng: 100.60966139300632, Accuracy: 4.7m
12:55:e4:9c:03:12,Lat: 13.680260136547219, Lng: 100.60971203131494, Accuracy: 4.7m
80:8d:b7:a5:45:51,Lat: 13.680260136547219, Lng: 100.60971203131494, Accuracy: 4.7m
20:23:51:49:dc:23,Lat: 13.680260136547219, Lng: 100.60971203131494, Accuracy: 4.7m
22:08:89:f3:af:f9,Lat: 13.680260136547219, Lng: 100.60971203131494, Accuracy: 4.7m
66:20:e3:17:e3:26,Lat: 13.680260136547219, Lng: 100.60971203131494, Accuracy: 4.7m
66:20:e3:77:e3:26,Lat: 13.680260136547219, Lng: 100.60971203131494, Accuracy: 4.7m
90:e9:5e:80:95:6a,Lat: 13.680138428012278, Lng: 100.60966139300632, Accuracy: 4.7m
ac:f4:2c:74:de:21,Lat: 13.680138428012278, Lng: 100.60966139300632, Accuracy: 4.7m
c2:8f:20:1b:5e:da,Lat: 13.680138428012278, Lng: 100.60966139300632, Accuracy: 4.7m
64:20:e3:a7:f7:c7,Lat: 13.680138428012278, Lng: 100.60966139300632, Accuracy: 4.7m
64:20:e3:8b:11:b7,Lat: 13.680138428012278, Lng: 100.60966139300632, Accuracy: 4.7m
c4:69:f0:53:df:c3,Lat: 13.680138428012278, Lng: 100.60966139300632, Accuracy: 4.7m
70:6d:15:c0:11:ad,Lat: 13.679999565603621, Lng: 100.60961537676395, Accuracy: 6.076557m
70:6d:15:c0:11:ae,Lat: 13.679999565603621, Lng: 100.60961537676395, Accuracy: 6.076557m
70:6d:15:c0:11:af,Lat: 13.679999565603621, Lng: 100.60961537676395, Accuracy: 6.076557m
90:e9:5e:80:95:65,Lat: 13.679999565603621, Lng: 100.60961537676395, Accuracy: 6.076557m
90:e9:5e:80:95:60,Lat: 13.679999565603621, Lng: 100.60961537676395, Accuracy: 6.076557m
90:e9:5e:80:95:61,Lat: 13.679999565603621, Lng: 100.60961537676395, Accuracy: 6.076557m
24:f2:7f:28:27:f3,Lat: 13.679999565603621, Lng: 100.60961537676395, Accuracy: 6.076557m
24:f2:7f:28:27:e1,Lat: 13.679999565603621, Lng: 100.60961537676395, Accuracy: 6.076557m
b4:c9:b9:92:93:82,Lat: 13.679999565603621, Lng: 100.60961537676395, Accuracy: 6.076557m
fa:ed:fc:0b:e2:48,Lat: 13.679999565603621, Lng: 100.60961537676395, Accuracy: 6.076557m
24:d7:9c:83:3d:2f,Lat: 13.679999565603621, Lng: 100.60961537676395, Accuracy: 6.076557m
24:f2:7f:27:fa:73,Lat: 13.679999565603621, Lng: 100.60961537676395, Accuracy: 6.076557m
24:f2:7f:27:fa:71,Lat: 13.679999565603621, Lng: 100.60961537676395, Accuracy: 6.076557m
24:f2:7f:27:fa:74,Lat: 13.679999565603621, Lng: 100.60961537676395, Accuracy: 6.076557m
24:f2:7f:28:27:e4,Lat: 13.679999565603621, Lng: 100.60961537676395, Accuracy: 6.076557m
24:f2:7f:28:22:b4,Lat: 13.679999565603621, Lng: 100.60961537676395, Accuracy: 6.076557m
66:20:e1:92:42:6e,Lat: 13.679999565603621, Lng: 100.60961537676395, Accuracy: 6.076557m
64:20:e1:a2:42:6f,Lat: 13.679999565603621, Lng: 100.60961537676395, Accuracy: 6.076557m
f8:5e:3c:99:6e:47,Lat: 13.679999565603621, Lng: 100.60961537676395, Accuracy: 6.076557m
80:8d:b7:a5:58:53,Lat: 13.679999565603621, Lng: 100.60961537676395, Accuracy: 6.076557m
24:f2:7f:27:fc:61,Lat: 13.679999565603621, Lng: 100.60961537676395, Accuracy: 6.076557m
de:0d:17:32:1c:8d,Lat: 13.740528984165593, Lng: 100.60976429625138, Accuracy: 13.741884m
de:0d:17:32:1c:8c,Lat: 13.740528984165593, Lng: 100.60976429625138, Accuracy: 13.741884m
cc:05:77:d1:5c:50,Lat: 13.740528984165593, Lng: 100.60976429625138, Accuracy: 13.741884m
f8:6b:14:7c:6d:59,Lat: 13.763184113457486, Lng: 100.645778693217, Accuracy: 4.7m
92:dc:96:74:20:66,Lat: 13.804134805561947, Lng: 100.64751954273774, Accuracy: 4.1950274m
8e:dc:96:74:20:66,Lat: 13.804134805561947, Lng: 100.64751954273774, Accuracy: 4.1950274m
88:dc:96:74:20:66,Lat: 13.804134805561947, Lng: 100.64751954273774, Accuracy: 4.1950274m
92:dc:96:74:20:65,Lat: 13.804134805561947, Lng: 100.64751954273774, Accuracy: 4.1950274m
d0:fc:d0:5d:3a:6c,Lat: 13.804134805561947, Lng: 100.64751954273774, Accuracy: 4.1950274m
8e:dc:96:74:20:65,Lat: 13.804134805561947, Lng: 100.64751954273774, Accuracy: 4.1950274m
88:dc:96:74:20:65,Lat: 13.804134805561947, Lng: 100.64751954273774, Accuracy: 4.1950274m
1c:79:2d:71:d8:97,Lat: 13.6781808201347, Lng: 100.64612556443966, Accuracy: 3.0m
08:6f:48:94:57:8c,Lat: 13.763917579305327, Lng: 100.64568957569963, Accuracy: 26.721386m
d0:fc:d0:5d:3a:64,Lat: 13.763917579305327, Lng: 100.64568957569963, Accuracy: 26.721386m
16:13:46:97:97:d1,Lat: 13.804134805561947, Lng: 100.64751954273774, Accuracy: 4.1950274m
8a:69:3d:04:b5:e0,Lat: 13.763917579305327, Lng: 100.64568957569963, Accuracy: 26.721386m
44:27:f3:ed:27:47,Lat: 13.804134805561947, Lng: 100.64751954273774, Accuracy: 4.1950274m
4a:81:d4:23:a7:10,Lat: 13.804134805561947, Lng: 100.64751954273774, Accuracy: 4.1950274m
4a:81:d4:53:a7:10,Lat: 13.804134805561947, Lng: 100.64751954273774, Accuracy: 4.1950274m
4a:81:d4:13:a7:10,Lat: 13.804134805561947, Lng: 100.64751954273774, Accuracy: 4.1950274m
48:81:d4:03:a7:10,Lat: 13.804134805561947, Lng: 100.64751954273774, Accuracy: 4.1950274m
8a:69:3d:04:b5:e4,Lat: 13.804134805561947, Lng: 100.64751954273774, Accuracy: 4.1950274m
4a:81:d4:93:a7:10,Lat: 13.804134805561947, Lng: 100.64751954273774, Accuracy: 4.1950274m
90:de:80:ec:57:0c,Lat: 13.804134805561947, Lng: 100.64751954273774, Accuracy: 4.1950274m
7a:53:0d:15:ea:b1,Lat: 13.804134805561947, Lng: 100.64751954273774, Accuracy: 4.1950274m
4a:81:d4:83:a7:10,Lat: 13.804134805561947, Lng: 100.64751954273774, Accuracy: 4.1950274m
16:13:46:a7:97:d2,Lat: 13.763917579305327, Lng: 100.64568957569963, Accuracy: 26.721386m
16:13:46:97:97:d2,Lat: 13.763917579305327, Lng: 100.64568957569963, Accuracy: 26.721386m
c6:3a:f0:84:4b:3c,Lat: 13.804134805561947, Lng: 100.64751954273774, Accuracy: 4.1950274m
ba:a2:b1:3f:22:94,Lat: 13.804134805561947, Lng: 100.64751954273774, Accuracy: 4.1950274m
88:dc:96:74:20:69,Lat: 13.804134805561947, Lng: 100.64751954273774, Accuracy: 4.1950274m
92:dc:96:74:20:69,Lat: 13.804134805561947, Lng: 100.64751954273774, Accuracy: 4.1950274m
f6:26:15:bd:d5:0d,Lat: 13.804134805561947, Lng: 100.64751954273774, Accuracy: 4.1950274m
9c:63:5b:77:ea:61,Lat: 13.804134805561947, Lng: 100.64751954273774, Accuracy: 4.1950274m
00:08:22:06:d7:44,Lat: 13.804134805561947, Lng: 100.64751954273774, Accuracy: 4.1950274m
64:20:e3:f6:98:11,Lat: 13.804134805561947, Lng: 100.64751954273774, Accuracy: 4.1950274m
8e:dc:96:74:20:6c,Lat: 13.804134805561947, Lng: 100.64751954273774, Accuracy: 4.1950274m
88:dc:96:74:20:6c,Lat: 13.804134805561947, Lng: 100.64751954273774, Accuracy: 4.1950274m
9e:63:5b:47:ea:61,Lat: 13.804134805561947, Lng: 100.64751954273774, Accuracy: 4.1950274m
e2:ae:a2:f1:00:e0,Lat: 13.804134805561947, Lng: 100.64751954273774, Accuracy: 4.1950274m
a2:93:a5:c0:ad:7f,Lat: 13.804134805561947, Lng: 100.64751954273774, Accuracy: 4.1950274m
66:20:e3:9c:71:b6,Lat: 13.804134805561947, Lng: 100.64751954273774, Accuracy: 4.1950274m
92:dc:96:74:20:6c,Lat: 13.804134805561947, Lng: 100.64751954273774, Accuracy: 4.1950274m
66:20:e3:9d:e9:f0,Lat: 13.804134805561947, Lng: 100.64751954273774, Accuracy: 4.1950274m
38:91:48:e2:9e:3d,Lat: 13.804134805561947, Lng: 100.64751954273774, Accuracy: 4.1950274m
e6:66:ab:42:d7:28,Lat: 13.763184113457486, Lng: 100.645778693217, Accuracy: 4.7m
8a:69:3d:04:d9:c0,Lat: 13.804134805561947, Lng: 100.64751954273774, Accuracy: 4.1950274m
3a:91:48:4d:65:27,Lat: 13.804134805561947, Lng: 100.64751954273774, Accuracy: 4.1950274m
38:91:48:dd:65:27,Lat: 13.804134805561947, Lng: 100.64751954273774, Accuracy: 4.1950274m
3a:91:48:42:9e:3d,Lat: 13.763917579305327, Lng: 100.64568957569963, Accuracy: 26.721386m
3c:f9:f0:64:33:36,Lat: 13.763184113457486, Lng: 100.645778693217, Accuracy: 4.7m
66:20:e3:99:5d:7e,Lat: 13.804134805561947, Lng: 100.64751954273774, Accuracy: 4.1950274m
64:20:e3:79:5d:7f,Lat: 13.804134805561947, Lng: 100.64751954273774, Accuracy: 4.1950274m
02:08:22:c6:2f:dd,Lat: 13.7077340545447, Lng: 100.64500993936925, Accuracy: 3.266244m
3e:f9:f0:44:33:36,Lat: 13.763184113457486, Lng: 100.645778693217, Accuracy: 4.7m
f4:fc:49:2f:69:65,Lat: 13.804134805561947, Lng: 100.64751954273774, Accuracy: 4.1950274m
3a:91:48:44:1a:4d,Lat: 13.804134805561947, Lng: 100.64751954273774, Accuracy: 4.1950274m
38:91:48:e4:1a:4d,Lat: 13.804134805561947, Lng: 100.64751954273774, Accuracy: 4.1950274m
3a:91:48:4e:8d:61,Lat: 13.804134805561947, Lng: 100.64751954273774, Accuracy: 4.1950274m
3a:72:c2:23:7a:b7,Lat: 13.763917579305327, Lng: 100.64568957569963, Accuracy: 26.721386m
c8:8a:d8:e0:8c:a1,Lat: 13.763917579305327, Lng: 100.64568957569963, Accuracy: 26.721386m
7a:54:86:f6:55:d6,Lat: 13.763917579305327, Lng: 100.64568957569963, Accuracy: 26.721386m
76:a0:02:e0:0d:99,Lat: 13.763917579305327, Lng: 100.64568957569963, Accuracy: 26.721386m
88:dc:96:74:20:68,Lat: 13.763917579305327, Lng: 100.64568957569963, Accuracy: 26.721386m
f6:fc:49:1f:69:10,Lat: 13.763917579305327, Lng: 100.64568957569963, Accuracy: 26.721386m
66:20:e0:17:99:a3,Lat: 13.763917579305327, Lng: 100.64568957569963, Accuracy: 26.721386m
66:20:e3:19:5d:7e,Lat: 13.763917579305327, Lng: 100.64568957569963, Accuracy: 26.721386m
8e:dc:96:74:20:68,Lat: 13.763917579305327, Lng: 100.64568957569963, Accuracy: 26.721386m
66:20:e3:1b:fe:c6,Lat: 13.763917579305327, Lng: 100.64568957569963, Accuracy: 26.721386m
58:c5:87:5e:3d:3b,Lat: 13.763917579305327, Lng: 100.64568957569963, Accuracy: 26.721386m
64:20:e3:ed:e9:f1,Lat: 13.763917579305327, Lng: 100.64568957569963, Accuracy: 26.721386m
64:20:e0:e7:fa:16,Lat: 13.763184113457486, Lng: 100.645778693217, Accuracy: 4.7m
66:20:e3:96:8e:e0,Lat: 13.763917579305327, Lng: 100.64568957569963, Accuracy: 26.721386m
66:20:e3:96:98:10,Lat: 13.763917579305327, Lng: 100.64568957569963, Accuracy: 26.721386m
64:20:e3:a8:fa:a7,Lat: 13.763917579305327, Lng: 100.64568957569963, Accuracy: 26.721386m
3a:91:48:42:b4:09,Lat: 13.763917579305327, Lng: 100.64568957569963, Accuracy: 26.721386m
66:20:e3:10:7c:16,Lat: 13.763917579305327, Lng: 100.64568957569963, Accuracy: 26.721386m
f2:a9:51:c3:06:b8,Lat: 13.763184113457486, Lng: 100.645778693217, Accuracy: 4.7m
7a:53:0d:13:50:02,Lat: 13.763184113457486, Lng: 100.645778693217, Accuracy: 4.7m
64:20:e3:f4:ae:e9,Lat: 13.763917579305327, Lng: 100.64568957569963, Accuracy: 26.721386m
64:20:e0:e7:fa:15,Lat: 13.763184113457486, Lng: 100.645778693217, Accuracy: 4.7m
3c:f9:f0:64:33:35,Lat: 13.763184113457486, Lng: 100.645778693217, Accuracy: 4.7m
e4:66:ab:f2:d7:27,Lat: 13.763184113457486, Lng: 100.645778693217, Accuracy: 4.7m
e4:66:ab:f2:d7:28,Lat: 13.763184113457486, Lng: 100.645778693217, Accuracy: 4.7m
64:20:e3:d4:a9:cc,Lat: 13.763184113457486, Lng: 100.645778693217, Accuracy: 4.7m
f2:a9:51:c3:06:b4,Lat: 13.763184113457486, Lng: 100.645778693217, Accuracy: 4.7m
7a:53:0d:13:50:01,Lat: 13.763184113457486, Lng: 100.645778693217, Accuracy: 4.7m
8a:69:3d:ae:da:58,Lat: 13.763184113457486, Lng: 100.645778693217, Accuracy: 4.7m
66:20:e0:97:fa:15,Lat: 13.763184113457486, Lng: 100.645778693217, Accuracy: 4.7m
86:93:b2:4f:7d:1f,Lat: 13.763184113457486, Lng: 100.645778693217, Accuracy: 4.7m
66:20:e3:94:0c:7e,Lat: 13.763184113457486, Lng: 100.645778693217, Accuracy: 4.7m
8a:69:3d:ae:da:5c,Lat: 13.763184113457486, Lng: 100.645778693217, Accuracy: 4.7m
aa:4b:df:d0:b2:c4,Lat: 13.763184113457486, Lng: 100.645778693217, Accuracy: 4.7m
64:20:e3:b4:0c:7f,Lat: 13.763184113457486, Lng: 100.645778693217, Accuracy: 4.7m
84:93:b2:1f:7d:1f,Lat: 13.763184113457486, Lng: 100.645778693217, Accuracy: 4.7m
98:00:6a:58:dd:02,Lat: 13.763184113457486, Lng: 100.645778693217, Accuracy: 4.7m
ac:b3:b5:6d:56:10,Lat: 13.763184113457486, Lng: 100.645778693217, Accuracy: 4.7m
f6:e8:4f:4e:a5:85,Lat: 13.763184113457486, Lng: 100.645778693217, Accuracy: 4.7m
f4:e8:4f:4e:a5:85,Lat: 13.763184113457486, Lng: 100.645778693217, Accuracy: 4.7m
f6:e8:4f:48:9b:af,Lat: 13.763184113457486, Lng: 100.645778693217, Accuracy: 4.7m
f4:e8:4f:58:9b:af,Lat: 13.763184113457486, Lng: 100.645778693217, Accuracy: 4.7m
70:f8:2b:c7:23:29,Lat: 13.763184113457486, Lng: 100.645778693217, Accuracy: 4.7m
64:20:e3:f6:98:10,Lat: 13.763184113457486, Lng: 100.645778693217, Accuracy: 4.7m
ba:7c:61:e8:4f:75,Lat: 13.760854691126816, Lng: 100.64568694785733, Accuracy: 5.3752966m
9a:7c:61:e8:4f:71,Lat: 13.760854691126816, Lng: 100.64568694785733, Accuracy: 5.3752966m
10:7c:61:e8:4f:70,Lat: 13.760854691126816, Lng: 100.64568694785733, Accuracy: 5.3752966m
14:2e:5e:29:e7:b5,Lat: 13.760854691126816, Lng: 100.64568694785733, Accuracy: 5.3752966m
22:3b:f3:d9:9c:3a,Lat: 13.760854691126816, Lng: 100.64568694785733, Accuracy: 5.3752966m
c8:b6:d3:70:dc:7c,Lat: 13.760854691126816, Lng: 100.64568694785733, Accuracy: 5.3752966m
d8:9a:0d:be:9f:1a,Lat: 13.760854691126816, Lng: 100.64568694785733, Accuracy: 5.3752966m
d8:a0:e8:48:2e:e5,Lat: 13.760854691126816, Lng: 100.64568694785733, Accuracy: 5.3752966m
d8:a0:e8:48:2e:e4,Lat: 13.760854691126816, Lng: 100.64568694785733, Accuracy: 5.3752966m
d8:9a:0d:be:9f:1b,Lat: 13.760854691126816, Lng: 100.64568694785733, Accuracy: 5.3752966m
b0:ac:d2:3e:99:94,Lat: 13.760854691126816, Lng: 100.64568694785733, Accuracy: 5.3752966m
1c:3b:f3:d9:9c:3a,Lat: 13.760854691126816, Lng: 100.64568694785733, Accuracy: 5.3752966m
a8:5e:45:ae:ce:fc,Lat: 13.760854691126816, Lng: 100.64568694785733, Accuracy: 5.3752966m
da:9a:0d:4e:9f:1b,Lat: 13.760854691126816, Lng: 100.64568694785733, Accuracy: 5.3752966m
66:20:e1:16:cb:2e,Lat: 13.760854691126816, Lng: 100.64568694785733, Accuracy: 5.3752966m
da:a0:e8:48:2e:e5,Lat: 13.760854691126816, Lng: 100.64568694785733, Accuracy: 5.3752966m
22:3b:f3:d9:9b:3a,Lat: 13.760854691126816, Lng: 100.64568694785733, Accuracy: 5.3752966m
66:20:e3:1e:70:be,Lat: 13.760854691126816, Lng: 100.64568694785733, Accuracy: 5.3752966m
66:20:e3:17:79:8e,Lat: 13.760854691126816, Lng: 100.64568694785733, Accuracy: 5.3752966m
82:ed:09:4b:67:88,Lat: 13.760854691126816, Lng: 100.64568694785733, Accuracy: 5.3752966m
30:fb:b8:f7:a5:c0,Lat: 13.760854691126816, Lng: 100.64568694785733, Accuracy: 5.3752966m
16:13:46:98:29:aa,Lat: 13.760854691126816, Lng: 100.64568694785733, Accuracy: 5.3752966m
30:0a:c5:9e:92:c9,Lat: 13.760854691126816, Lng: 100.64568694785733, Accuracy: 5.3752966m
66:20:e3:1c:d8:2e,Lat: 13.760854691126816, Lng: 100.64568694785733, Accuracy: 5.3752966m
66:20:e1:1f:02:5e,Lat: 13.760203276237133, Lng: 100.64567648086862, Accuracy: 4.7m
14:2e:5e:29:e7:b9,Lat: 13.760854691126816, Lng: 100.64568694785733, Accuracy: 5.3752966m
66:20:e3:9c:d8:2e,Lat: 13.760203276237133, Lng: 100.64567648086862, Accuracy: 4.7m
a0:3a:d7:95:0c:77,Lat: 13.760854691126816, Lng: 100.64568694785733, Accuracy: 5.3752966m
22:3b:f3:d9:9b:3b,Lat: 13.760854691126816, Lng: 100.64568694785733, Accuracy: 5.3752966m
f0:2f:74:e8:0c:24,Lat: 13.760854691126816, Lng: 100.64568694785733, Accuracy: 5.3752966m
8c:68:3a:b8:b4:80,Lat: 13.760854691126816, Lng: 100.64568694785733, Accuracy: 5.3752966m
16:13:46:94:c5:82,Lat: 13.760854691126816, Lng: 100.64568694785733, Accuracy: 5.3752966m
b0:95:75:8f:7e:27,Lat: 13.760854691126816, Lng: 100.64568694785733, Accuracy: 5.3752966m
22:3b:f3:d9:9c:3b,Lat: 13.760854691126816, Lng: 100.64568694785733, Accuracy: 5.3752966m
ea:38:cd:a4:65:00,Lat: 13.760854691126816, Lng: 100.64568694785733, Accuracy: 5.3752966m
98:00:6a:69:40:94,Lat: 13.760203276237133, Lng: 100.64567648086862, Accuracy: 4.7m
c4:a8:28:28:1f:1a,Lat: 13.74258180574615, Lng: 100.64285643023224, Accuracy: 3.0m
b0:ac:d2:3e:99:93,Lat: 13.760854691126816, Lng: 100.64568694785733, Accuracy: 5.3752966m
be:0f:f3:4b:de:ff,Lat: 13.760203276237133, Lng: 100.64567648086862, Accuracy: 4.7m
04:d9:f5:2a:17:04,Lat: 13.760854691126816, Lng: 100.64568694785733, Accuracy: 5.3752966m
16:13:46:ba:9d:81,Lat: 13.760203276237133, Lng: 100.64567648086862, Accuracy: 4.7m
66:20:e1:9f:02:5e,Lat: 13.760203276237133, Lng: 100.64567648086862, Accuracy: 4.7m
16:13:46:ba:9d:82,Lat: 13.760203276237133, Lng: 100.64567648086862, Accuracy: 4.7m
16:13:46:aa:9d:82,Lat: 13.760203276237133, Lng: 100.64567648086862, Accuracy: 4.7m
fe:2e:f6:57:8e:31,Lat: 13.760203276237133, Lng: 100.64567648086862, Accuracy: 4.7m
16:13:46:9a:9d:82,Lat: 13.760203276237133, Lng: 100.64567648086862, Accuracy: 4.7m
16:13:46:ca:9d:82,Lat: 13.760203276237133, Lng: 100.64567648086862, Accuracy: 4.7m
98:00:6a:69:40:92,Lat: 13.760203276237133, Lng: 100.64567648086862, Accuracy: 4.7m
76:97:79:63:17:6f,Lat: 13.760203276237133, Lng: 100.64567648086862, Accuracy: 4.7m
10:27:f5:1b:24:89,Lat: 13.760203276237133, Lng: 100.64567648086862, Accuracy: 4.7m
ba:7c:61:e8:4f:70,Lat: 13.760203276237133, Lng: 100.64567648086862, Accuracy: 4.7m
16:13:46:99:f7:e2,Lat: 13.760203276237133, Lng: 100.64567648086862, Accuracy: 4.7m
10:7c:61:e8:4f:74,Lat: 13.760203276237133, Lng: 100.64567648086862, Accuracy: 4.7m
94:b2:71:9e:bc:14,Lat: 13.760203276237133, Lng: 100.64567648086862, Accuracy: 4.7m
66:20:e0:91:52:c5,Lat: 13.748937301761954, Lng: 100.64446633550114, Accuracy: 4.7m
64:20:e0:f1:52:c6,Lat: 13.748937301761954, Lng: 100.64446633550114, Accuracy: 4.7m
16:13:46:1b:dc:29,Lat: 13.748937301761954, Lng: 100.64446633550114, Accuracy: 4.7m
64:20:e0:f1:52:c5,Lat: 13.748937301761954, Lng: 100.64446633550114, Accuracy: 4.7m
1e:0e:08:d4:51:f3,Lat: 13.748937301761954, Lng: 100.64446633550114, Accuracy: 4.7m
22:ba:a5:0e:cd:d3,Lat: 13.748937301761954, Lng: 100.64446633550114, Accuracy: 4.7m
d6:68:c5:08:83:3b,Lat: 13.748937301761954, Lng: 100.64446633550114, Accuracy: 4.7m
66:20:e1:03:18:25,Lat: 13.748937301761954, Lng: 100.64446633550114, Accuracy: 4.7m
64:20:e3:b4:25:4e,Lat: 13.748937301761954, Lng: 100.64446633550114, Accuracy: 4.7m
3a:0f:e5:06:40:e6,Lat: 13.74258180574615, Lng: 100.64285643023224, Accuracy: 3.0m
18:d6:c7:77:20:08,Lat: 13.74258180574615, Lng: 100.64285643023224, Accuracy: 3.0m
58:25:75:97:fd:ac,Lat: 13.74258180574615, Lng: 100.64285643023224, Accuracy: 3.0m
58:25:75:97:fd:b0,Lat: 13.74258180574615, Lng: 100.64285643023224, Accuracy: 3.0m
f6:e8:4f:47:b8:ff,Lat: 13.74258180574615, Lng: 100.64285643023224, Accuracy: 3.0m
f4:e8:4f:58:52:d0,Lat: 13.74258180574615, Lng: 100.64285643023224, Accuracy: 3.0m
b8:59:c8:28:85:6a,Lat: 13.73977117411338, Lng: 100.64217656912923, Accuracy: 3.0166683m
98:bb:1e:b2:1f:2b,Lat: 13.73977117411338, Lng: 100.64217656912923, Accuracy: 3.0166683m
2c:d1:c6:a5:17:e8,Lat: 13.73977117411338, Lng: 100.64217656912923, Accuracy: 3.0166683m
7c:b8:da:5a:83:10,Lat: 13.73977117411338, Lng: 100.64217656912923, Accuracy: 3.0166683m
6e:c5:0f:1f:af:58,Lat: 13.73977117411338, Lng: 100.64217656912923, Accuracy: 3.0166683m
16:0d:b0:c7:3e:45,Lat: 13.73977117411338, Lng: 100.64217656912923, Accuracy: 3.0166683m
d8:a0:e8:48:10:0d,Lat: 13.73977117411338, Lng: 100.64217656912923, Accuracy: 3.0166683m
66:20:e1:19:be:4e,Lat: 13.73977117411338, Lng: 100.64217656912923, Accuracy: 3.0166683m
46:be:d3:38:9f:7d,Lat: 13.73977117411338, Lng: 100.64217656912923, Accuracy: 3.0166683m
14:eb:b6:0a:c9:f2,Lat: 13.73977117411338, Lng: 100.64217656912923, Accuracy: 3.0166683m
da:a0:e8:48:10:0d,Lat: 13.73977117411338, Lng: 100.64217656912923, Accuracy: 3.0166683m
7a:53:0d:17:60:92,Lat: 13.73977117411338, Lng: 100.64217656912923, Accuracy: 3.0166683m
90:5e:44:d8:e4:e4,Lat: 13.73977117411338, Lng: 100.64217656912923, Accuracy: 3.0166683m
66:20:e1:19:d9:96,Lat: 13.73977117411338, Lng: 100.64217656912923, Accuracy: 3.0166683m
68:9e:29:5b:34:59,Lat: 13.73977117411338, Lng: 100.64217656912923, Accuracy: 3.0166683m
22:08:89:73:26:64,Lat: 13.73977117411338, Lng: 100.64217656912923, Accuracy: 3.0166683m
64:20:e1:99:e8:e6,Lat: 13.73977117411338, Lng: 100.64217656912923, Accuracy: 3.0166683m
68:9e:29:e5:96:66,Lat: 13.73977117411338, Lng: 100.64217656912923, Accuracy: 3.0166683m
66:20:e3:18:4e:0e,Lat: 13.73977117411338, Lng: 100.64217656912923, Accuracy: 3.0166683m
64:20:e3:98:4e:0e,Lat: 13.73977117411338, Lng: 100.64217656912923, Accuracy: 3.0166683m
64:20:e0:10:02:d3,Lat: 13.73977117411338, Lng: 100.64217656912923, Accuracy: 3.0166683m
6a:9e:29:4f:61:fe,Lat: 13.73977117411338, Lng: 100.64217656912923, Accuracy: 3.0166683m
6a:9e:29:45:96:66,Lat: 13.73977117411338, Lng: 100.64217656912923, Accuracy: 3.0166683m
f4:e8:4f:4f:d4:ea,Lat: 13.73977117411338, Lng: 100.64217656912923, Accuracy: 3.0166683m
64:20:e3:80:24:ae,Lat: 13.73977117411338, Lng: 100.64217656912923, Accuracy: 3.0166683m
66:20:e3:19:8d:76,Lat: 13.73977117411338, Lng: 100.64217656912923, Accuracy: 3.0166683m
68:9e:29:df:61:fe,Lat: 13.73977117411338, Lng: 100.64217656912923, Accuracy: 3.0166683m
c4:eb:ff:9a:c1:2a,Lat: 13.73977117411338, Lng: 100.64217656912923, Accuracy: 3.0166683m
66:20:e1:93:dc:9e,Lat: 13.738071663075, Lng: 100.64179407868635, Accuracy: 4.639574m
c6:eb:ff:4a:c1:2a,Lat: 13.73977117411338, Lng: 100.64217656912923, Accuracy: 3.0166683m
14:6b:9c:65:38:5e,Lat: 13.738071663075, Lng: 100.64179407868635, Accuracy: 4.639574m
f4:e8:4f:56:53:44,Lat: 13.738071663075, Lng: 100.64179407868635, Accuracy: 4.639574m
68:9e:29:5b:34:58,Lat: 13.738071663075, Lng: 100.64179407868635, Accuracy: 4.639574m
44:27:f3:6f:83:6a,Lat: 13.738071663075, Lng: 100.64179407868635, Accuracy: 4.639574m
8e:bd:da:bc:4d:01,Lat: 13.738071663075, Lng: 100.64179407868635, Accuracy: 4.639574m
a8:e7:05:fb:88:13,Lat: 13.738071663075, Lng: 100.64179407868635, Accuracy: 4.639574m
40:9c:a7:a0:c8:bb,Lat: 13.738071663075, Lng: 100.64179407868635, Accuracy: 4.639574m
f2:21:0b:b0:d9:89,Lat: 13.738071663075, Lng: 100.64179407868635, Accuracy: 4.639574m
66:20:e1:13:dc:9e,Lat: 13.738071663075, Lng: 100.64179407868635, Accuracy: 4.639574m
84:93:b2:21:37:5c,Lat: 13.738071663075, Lng: 100.64179407868635, Accuracy: 4.639574m
94:46:96:f7:82:f6,Lat: 13.738071663075, Lng: 100.64179407868635, Accuracy: 4.639574m
f4:e8:4f:57:b8:ff,Lat: 13.738071663075, Lng: 100.64179407868635, Accuracy: 4.639574m
c4:eb:ff:9a:c1:29,Lat: 13.738071663075, Lng: 100.64179407868635, Accuracy: 4.639574m
e4:3e:c6:55:1d:d0,Lat: 13.738071663075, Lng: 100.64179407868635, Accuracy: 4.639574m
64:20:e3:d5:e4:78,Lat: 13.738071663075, Lng: 100.64179407868635, Accuracy: 4.639574m
d8:9a:0d:ba:1c:3e,Lat: 13.738071663075, Lng: 100.64179407868635, Accuracy: 4.639574m
64:20:e3:8b:ff:fe,Lat: 13.738071663075, Lng: 100.64179407868635, Accuracy: 4.639574m
66:20:e3:16:0d:78,Lat: 13.738071663075, Lng: 100.64179407868635, Accuracy: 4.639574m
66:20:e3:15:e4:78,Lat: 13.738071663075, Lng: 100.64179407868635, Accuracy: 4.639574m
aa:17:b2:44:51:61,Lat: 13.738071663075, Lng: 100.64179407868635, Accuracy: 4.639574m
86:93:b2:41:37:5d,Lat: 13.738071663075, Lng: 100.64179407868635, Accuracy: 4.639574m
62:10:9e:36:b9:dc,Lat: 13.738071663075, Lng: 100.64179407868635, Accuracy: 4.639574m
46:ad:37:67:1d:61,Lat: 13.738071663075, Lng: 100.64179407868635, Accuracy: 4.639574m
3a:72:c2:c3:5b:79,Lat: 13.738071663075, Lng: 100.64179407868635, Accuracy: 4.639574m
f6:e8:4f:42:43:a7,Lat: 13.738071663075, Lng: 100.64179407868635, Accuracy: 4.639574m
30:1f:48:5c:fe:b3,Lat: 13.738071663075, Lng: 100.64179407868635, Accuracy: 4.639574m
66:20:e1:98:b1:65,Lat: 13.738071663075, Lng: 100.64179407868635, Accuracy: 4.639574m
68:9e:29:e5:78:48,Lat: 13.738071663075, Lng: 100.64179407868635, Accuracy: 4.639574m
f4:e8:4f:52:43:a7,Lat: 13.738071663075, Lng: 100.64179407868635, Accuracy: 4.639574m
86:93:b2:41:bc:53,Lat: 13.738071663075, Lng: 100.64179407868635, Accuracy: 4.639574m
68:ff:7b:61:a0:26,Lat: 13.729954968018486, Lng: 100.64149462776543, Accuracy: 4.7m
6c:44:2a:4d:f5:dc,Lat: 13.729954968018486, Lng: 100.64149462776543, Accuracy: 4.7m
be:ff:4d:f7:3b:d0,Lat: 13.729954968018486, Lng: 100.64149462776543, Accuracy: 4.7m
94:46:96:f8:1d:bf,Lat: 13.729954968018486, Lng: 100.64149462776543, Accuracy: 4.7m
44:27:f3:6a:71:e4,Lat: 13.729954968018486, Lng: 100.64149462776543, Accuracy: 4.7m
32:13:8b:60:ad:ea,Lat: 13.729954968018486, Lng: 100.64149462776543, Accuracy: 4.7m
3c:6a:d2:13:99:5c,Lat: 13.729954968018486, Lng: 100.64149462776543, Accuracy: 4.7m
12:88:72:1a:41:0c,Lat: 13.729954968018486, Lng: 100.64149462776543, Accuracy: 4.7m
60:22:32:a8:25:a3,Lat: 13.729954968018486, Lng: 100.64149462776543, Accuracy: 4.7m
62:22:32:98:0f:af,Lat: 13.729954968018486, Lng: 100.64149462776543, Accuracy: 4.7m
62:22:32:18:d5:6e,Lat: 13.729954968018486, Lng: 100.64149462776543, Accuracy: 4.7m
62:22:32:a8:0f:af,Lat: 13.729954968018486, Lng: 100.64149462776543, Accuracy: 4.7m
06:ec:da:1a:9c:18,Lat: 13.729954968018486, Lng: 100.64149462776543, Accuracy: 4.7m
64:20:e3:3f:dd:2e,Lat: 13.729954968018486, Lng: 100.64149462776543, Accuracy: 4.7m
66:20:e3:17:42:10,Lat: 13.729954968018486, Lng: 100.64149462776543, Accuracy: 4.7m
26:d7:eb:c3:50:66,Lat: 13.729954968018486, Lng: 100.64149462776543, Accuracy: 4.7m
60:22:32:19:1b:46,Lat: 13.729954968018486, Lng: 100.64149462776543, Accuracy: 4.7m
62:22:32:29:1b:46,Lat: 13.729954968018486, Lng: 100.64149462776543, Accuracy: 4.7m
64:20:e1:73:10:4e,Lat: 13.729954968018486, Lng: 100.64149462776543, Accuracy: 4.7m
84:78:48:d8:70:b5,Lat: 13.729954968018486, Lng: 100.64149462776543, Accuracy: 4.7m
60:22:32:18:d5:6e,Lat: 13.729954968018486, Lng: 100.64149462776543, Accuracy: 4.7m
60:22:32:a8:0f:af,Lat: 13.729954968018486, Lng: 100.64149462776543, Accuracy: 4.7m
6c:9e:7c:f4:04:94,Lat: 13.729954968018486, Lng: 100.64149462776543, Accuracy: 4.7m
66:20:e1:13:10:4e,Lat: 13.729954968018486, Lng: 100.64149462776543, Accuracy: 4.7m
02:ec:da:1a:9c:18,Lat: 13.729954968018486, Lng: 100.64149462776543, Accuracy: 4.7m
6c:44:2a:7c:87:ec,Lat: 13.729954968018486, Lng: 100.64149462776543, Accuracy: 4.7m
62:22:32:38:d5:6e,Lat: 13.729954968018486, Lng: 100.64149462776543, Accuracy: 4.7m
d2:21:f9:a2:6d:da,Lat: 13.729954968018486, Lng: 100.64149462776543, Accuracy: 4.7m
6c:44:2a:4d:f5:db,Lat: 13.729954968018486, Lng: 100.64149462776543, Accuracy: 4.7m
70:3a:2d:0d:eb:2a,Lat: 13.720864755707028, Lng: 100.64221425160193, Accuracy: 3.0m
d8:a0:e8:3f:28:c7,Lat: 13.720864755707028, Lng: 100.64221425160193, Accuracy: 3.0m
68:9e:29:68:3d:30,Lat: 13.720864755707028, Lng: 100.64221425160193, Accuracy: 3.0m
9c:63:5b:77:cb:d0,Lat: 13.720864755707028, Lng: 100.64221425160193, Accuracy: 3.0m
66:20:e1:1e:e8:f6,Lat: 13.720864755707028, Lng: 100.64221425160193, Accuracy: 3.0m
02:4c:d5:a6:98:e9,Lat: 13.720864755707028, Lng: 100.64221425160193, Accuracy: 3.0m
24:2f:d0:d0:2f:66,Lat: 13.720864755707028, Lng: 100.64221425160193, Accuracy: 3.0m
26:2f:d0:70:2f:67,Lat: 13.720864755707028, Lng: 100.64221425160193, Accuracy: 3.0m
9e:63:5b:47:cb:d1,Lat: 13.720864755707028, Lng: 100.64221425160193, Accuracy: 3.0m
9c:63:5b:77:cb:d1,Lat: 13.720864755707028, Lng: 100.64221425160193, Accuracy: 3.0m
26:2f:d0:60:2f:67,Lat: 13.720864755707028, Lng: 100.64221425160193, Accuracy: 3.0m
64:20:e1:8e:e8:f6,Lat: 13.720864755707028, Lng: 100.64221425160193, Accuracy: 3.0m
8c:fd:18:5a:75:94,Lat: 13.720864755707028, Lng: 100.64221425160193, Accuracy: 3.0m
d8:a0:e8:3f:28:c6,Lat: 13.720864755707028, Lng: 100.64221425160193, Accuracy: 3.0m
e4:be:ed:7a:a6:5c,Lat: 13.720864755707028, Lng: 100.64221425160193, Accuracy: 3.0m
24:2f:d0:d0:2f:67,Lat: 13.720864755707028, Lng: 100.64221425160193, Accuracy: 3.0m
7a:90:a2:47:13:05,Lat: 13.720864755707028, Lng: 100.64221425160193, Accuracy: 3.0m
66:20:e1:13:bc:7e,Lat: 13.720864755707028, Lng: 100.64221425160193, Accuracy: 3.0m
78:90:a2:f7:13:04,Lat: 13.720864755707028, Lng: 100.64221425160193, Accuracy: 3.0m
d8:a0:e8:3f:e0:c2,Lat: 13.720864755707028, Lng: 100.64221425160193, Accuracy: 3.0m
90:fd:73:c0:e6:0a,Lat: 13.720864755707028, Lng: 100.64221425160193, Accuracy: 3.0m
64:20:e3:77:3d:7e,Lat: 13.720864755707028, Lng: 100.64221425160193, Accuracy: 3.0m
26:2f:d0:10:2f:67,Lat: 13.720864755707028, Lng: 100.64221425160193, Accuracy: 3.0m
f4:92:bf:cd:2f:60,Lat: 13.720864755707028, Lng: 100.64221425160193, Accuracy: 3.0m
44:13:d0:a7:45:3a,Lat: 13.720864755707028, Lng: 100.64221425160193, Accuracy: 3.0m
54:af:97:76:bb:dc,Lat: 13.720864755707028, Lng: 100.64221425160193, Accuracy: 3.0m
92:fd:73:c3:e6:0a,Lat: 13.720864755707028, Lng: 100.64221425160193, Accuracy: 3.0m
68:9e:29:5f:64:df,Lat: 13.720864755707028, Lng: 100.64221425160193, Accuracy: 3.0m
66:20:e1:9e:e8:f6,Lat: 13.720864755707028, Lng: 100.64221425160193, Accuracy: 3.0m
da:a0:e8:4f:e0:c3,Lat: 13.720864755707028, Lng: 100.64221425160193, Accuracy: 3.0m
64:20:e1:8e:e8:f7,Lat: 13.720864755707028, Lng: 100.64221425160193, Accuracy: 3.0m
c6:eb:ff:12:4a:78,Lat: 13.720864755707028, Lng: 100.64221425160193, Accuracy: 3.0m
6a:9e:29:4f:64:df,Lat: 13.720864755707028, Lng: 100.64221425160193, Accuracy: 3.0m
68:9e:29:60:cb:35,Lat: 13.720864755707028, Lng: 100.64221425160193, Accuracy: 3.0m
1e:e8:29:62:12:d2,Lat: 13.720864755707028, Lng: 100.64221425160193, Accuracy: 3.0m
18:e8:29:62:12:d2,Lat: 13.720864755707028, Lng: 100.64221425160193, Accuracy: 3.0m
d8:a0:e8:3f:e0:c3,Lat: 13.720864755707028, Lng: 100.64221425160193, Accuracy: 3.0m
6a:9e:29:48:3d:31,Lat: 13.720864755707028, Lng: 100.64221425160193, Accuracy: 3.0m
68:9e:29:68:3d:31,Lat: 13.720864755707028, Lng: 100.64221425160193, Accuracy: 3.0m
04:4f:17:0d:4d:4a,Lat: 13.720864755707028, Lng: 100.64221425160193, Accuracy: 3.0m
9c:a3:a9:21:5e:1f,Lat: 13.720864755707028, Lng: 100.64221425160193, Accuracy: 3.0m
66:20:e3:1f:3f:de,Lat: 13.714302980084138, Lng: 100.6434999045088, Accuracy: 3.0m
4a:d6:82:4a:82:99,Lat: 13.714302980084138, Lng: 100.6434999045088, Accuracy: 3.0m
66:20:e3:11:39:2c,Lat: 13.714302980084138, Lng: 100.6434999045088, Accuracy: 3.0m
48:d6:82:ba:82:98,Lat: 13.714302980084138, Lng: 100.6434999045088, Accuracy: 3.0m
fc:ee:e6:3e:07:43,Lat: 13.714302980084138, Lng: 100.6434999045088, Accuracy: 3.0m
64:20:e3:d1:39:2c,Lat: 13.714302980084138, Lng: 100.6434999045088, Accuracy: 3.0m
66:20:e3:9f:3f:de,Lat: 13.714302980084138, Lng: 100.6434999045088, Accuracy: 3.0m
48:d6:82:ba:82:99,Lat: 13.714302980084138, Lng: 100.6434999045088, Accuracy: 3.0m
44:27:f3:7a:60:a9,Lat: 13.714302980084138, Lng: 100.6434999045088, Accuracy: 3.0m
de:69:c6:e9:f7:a5,Lat: 13.714302980084138, Lng: 100.6434999045088, Accuracy: 3.0m
2c:05:47:36:ce:f9,Lat: 13.714302980084138, Lng: 100.6434999045088, Accuracy: 3.0m
44:27:f3:66:2c:0a,Lat: 13.714302980084138, Lng: 100.6434999045088, Accuracy: 3.0m
da:a0:e8:44:80:7f,Lat: 13.714302980084138, Lng: 100.6434999045088, Accuracy: 3.0m
d8:a0:e8:44:80:7f,Lat: 13.714302980084138, Lng: 100.6434999045088, Accuracy: 3.0m
78:90:a2:8e:3e:1c,Lat: 13.714302980084138, Lng: 100.6434999045088, Accuracy: 3.0m
c2:8f:20:2c:b0:d2,Lat: 13.714302980084138, Lng: 100.6434999045088, Accuracy: 3.0m
64:20:e3:82:81:f6,Lat: 13.714302980084138, Lng: 100.6434999045088, Accuracy: 3.0m
c2:8f:20:1c:b0:d2,Lat: 13.714302980084138, Lng: 100.6434999045088, Accuracy: 3.0m
66:20:e1:1b:d7:b6,Lat: 13.714302980084138, Lng: 100.6434999045088, Accuracy: 3.0m
7a:90:a2:4e:3e:1d,Lat: 13.714302980084138, Lng: 100.6434999045088, Accuracy: 3.0m
78:90:a2:8c:08:30,Lat: 13.714302980084138, Lng: 100.6434999045088, Accuracy: 3.0m
48:d6:82:c1:a4:97,Lat: 13.709870937741945, Lng: 100.64454975221722, Accuracy: 4.9142504m
44:13:d0:f6:d6:7f,Lat: 13.709870937741945, Lng: 100.64454975221722, Accuracy: 4.9142504m
66:20:e3:1e:22:18,Lat: 13.709870937741945, Lng: 100.64454975221722, Accuracy: 4.9142504m
bc:2a:33:6a:7e:8d,Lat: 13.709870937741945, Lng: 100.64454975221722, Accuracy: 4.9142504m
48:d6:82:c1:a4:96,Lat: 13.709870937741945, Lng: 100.64454975221722, Accuracy: 4.9142504m
64:20:e3:ee:22:18,Lat: 13.709870937741945, Lng: 100.64454975221722, Accuracy: 4.9142504m
94:b2:71:bd:ee:6c,Lat: 13.709870937741945, Lng: 100.64454975221722, Accuracy: 4.9142504m
28:68:d2:42:50:7c,Lat: 13.709870937741945, Lng: 100.64454975221722, Accuracy: 4.9142504m
56:25:bc:6f:dc:10,Lat: 13.709870937741945, Lng: 100.64454975221722, Accuracy: 4.9142504m
d8:9a:0d:be:08:91,Lat: 13.709870937741945, Lng: 100.64454975221722, Accuracy: 4.9142504m
0a:1b:51:e8:7d:10,Lat: 13.709870937741945, Lng: 100.64454975221722, Accuracy: 4.9142504m
da:9a:0d:4e:08:91,Lat: 13.709870937741945, Lng: 100.64454975221722, Accuracy: 4.9142504m
44:13:d0:f6:d6:80,Lat: 13.709870937741945, Lng: 100.64454975221722, Accuracy: 4.9142504m
66:20:e3:9e:22:18,Lat: 13.709870937741945, Lng: 100.64454975221722, Accuracy: 4.9142504m
94:b2:71:bd:ee:70,Lat: 13.709870937741945, Lng: 100.64454975221722, Accuracy: 4.9142504m
ee:63:da:aa:aa:f1,Lat: 13.709870937741945, Lng: 100.64454975221722, Accuracy: 4.9142504m
64:20:e3:ee:22:19,Lat: 13.709870937741945, Lng: 100.64454975221722, Accuracy: 4.9142504m
c8:cd:55:5f:75:7e,Lat: 13.709870937741945, Lng: 100.64454975221722, Accuracy: 4.9142504m
c2:a4:76:d6:e3:91,Lat: 13.709870937741945, Lng: 100.64454975221722, Accuracy: 4.9142504m
c2:a4:76:86:e3:91,Lat: 13.709870937741945, Lng: 100.64454975221722, Accuracy: 4.9142504m
30:68:93:14:c1:12,Lat: 13.709870937741945, Lng: 100.64454975221722, Accuracy: 4.9142504m
94:b2:71:bd:ee:73,Lat: 13.709870937741945, Lng: 100.64454975221722, Accuracy: 4.9142504m
d2:36:ba:66:e1:2c,Lat: 13.709870937741945, Lng: 100.64454975221722, Accuracy: 4.9142504m
aa:6e:84:6d:fe:1e,Lat: 13.709870937741945, Lng: 100.64454975221722, Accuracy: 4.9142504m
a8:6e:84:7d:fe:20,Lat: 13.709870937741945, Lng: 100.64454975221722, Accuracy: 4.9142504m
dc:62:79:e2:b6:36,Lat: 13.709870937741945, Lng: 100.64454975221722, Accuracy: 4.9142504m
66:20:e3:1e:89:4e,Lat: 13.7077340545447, Lng: 100.64500993936925, Accuracy: 3.266244m
ee:48:1b:5b:84:53,Lat: 13.7077340545447, Lng: 100.64500993936925, Accuracy: 3.266244m
08:7b:87:dc:f3:43,Lat: 13.7077340545447, Lng: 100.64500993936925, Accuracy: 3.266244m
08:7b:87:dc:f3:41,Lat: 13.7077340545447, Lng: 100.64500993936925, Accuracy: 3.266244m
08:7b:87:dc:f3:40,Lat: 13.7077340545447, Lng: 100.64500993936925, Accuracy: 3.266244m
08:7b:87:dc:f3:44,Lat: 13.7077340545447, Lng: 100.64500993936925, Accuracy: 3.266244m
08:7b:87:dc:f3:42,Lat: 13.7077340545447, Lng: 100.64500993936925, Accuracy: 3.266244m
d6:f0:c9:b6:fb:3e,Lat: 13.7077340545447, Lng: 100.64500993936925, Accuracy: 3.266244m
08:7b:87:dd:c6:c4,Lat: 13.7077340545447, Lng: 100.64500993936925, Accuracy: 3.266244m
08:7b:87:dd:c6:c3,Lat: 13.7077340545447, Lng: 100.64500993936925, Accuracy: 3.266244m
08:7b:87:dd:c6:c2,Lat: 13.7077340545447, Lng: 100.64500993936925, Accuracy: 3.266244m
08:7b:87:e0:1f:e2,Lat: 13.7077340545447, Lng: 100.64500993936925, Accuracy: 3.266244m
8e:c4:d0:08:3d:8e,Lat: 13.7077340545447, Lng: 100.64500993936925, Accuracy: 3.266244m
08:7b:87:d7:d3:44,Lat: 13.7077340545447, Lng: 100.64500993936925, Accuracy: 3.266244m
08:7b:87:d7:d3:43,Lat: 13.7077340545447, Lng: 100.64500993936925, Accuracy: 3.266244m
08:7b:87:d7:d3:41,Lat: 13.7077340545447, Lng: 100.64500993936925, Accuracy: 3.266244m
e4:7d:eb:0e:40:89,Lat: 13.7077340545447, Lng: 100.64500993936925, Accuracy: 3.266244m
08:7b:87:d7:d3:42,Lat: 13.7077340545447, Lng: 100.64500993936925, Accuracy: 3.266244m
d8:a0:e8:43:c8:82,Lat: 13.7077340545447, Lng: 100.64500993936925, Accuracy: 3.266244m
f4:e8:4f:57:7f:b7,Lat: 13.7077340545447, Lng: 100.64500993936925, Accuracy: 3.266244m
7a:53:0d:24:96:32,Lat: 13.7077340545447, Lng: 100.64500993936925, Accuracy: 3.266244m
c2:a4:76:92:5e:0a,Lat: 13.7077340545447, Lng: 100.64500993936925, Accuracy: 3.266244m
c2:a4:76:82:5e:0a,Lat: 13.7077340545447, Lng: 100.64500993936925, Accuracy: 3.266244m
64:20:e1:5b:93:5e,Lat: 13.70505251803971, Lng: 100.64562432336278, Accuracy: 3.0m
66:20:e1:1b:93:5e,Lat: 13.70505251803971, Lng: 100.64562432336278, Accuracy: 3.0m
8e:a5:e4:b3:87:89,Lat: 13.70505251803971, Lng: 100.64562432336278, Accuracy: 3.0m
64:20:e1:5b:93:5f,Lat: 13.70505251803971, Lng: 100.64562432336278, Accuracy: 3.0m
66:20:e1:99:fd:2e,Lat: 13.70505251803971, Lng: 100.64562432336278, Accuracy: 3.0m
66:20:e1:1a:01:2d,Lat: 13.70505251803971, Lng: 100.64562432336278, Accuracy: 3.0m
66:20:e1:9b:93:5e,Lat: 13.70505251803971, Lng: 100.64562432336278, Accuracy: 3.0m
64:20:e1:99:fd:2f,Lat: 13.70505251803971, Lng: 100.64562432336278, Accuracy: 3.0m
c2:8f:20:1a:a1:d9,Lat: 13.70505251803971, Lng: 100.64562432336278, Accuracy: 3.0m
c2:8f:20:1a:a1:da,Lat: 13.70505251803971, Lng: 100.64562432336278, Accuracy: 3.0m
44:13:d0:f8:56:d3,Lat: 13.70505251803971, Lng: 100.64562432336278, Accuracy: 3.0m
90:fd:73:b3:c7:39,Lat: 13.70505251803971, Lng: 100.64562432336278, Accuracy: 3.0m
66:20:e1:a4:ae:a5,Lat: 13.70505251803971, Lng: 100.64562432336278, Accuracy: 3.0m
40:a5:ef:f5:98:53,Lat: 13.70505251803971, Lng: 100.64562432336278, Accuracy: 3.0m
66:20:e1:54:ae:a5,Lat: 13.70505251803971, Lng: 100.64562432336278, Accuracy: 3.0m
66:20:e1:24:ae:a5,Lat: 13.704712168547223, Lng: 100.64571025264522, Accuracy: 3.0m
3a:e8:29:a2:a3:51,Lat: 13.70505251803971, Lng: 100.64562432336278, Accuracy: 3.0m
64:20:e1:34:ae:a6,Lat: 13.704712168547223, Lng: 100.64571025264522, Accuracy: 3.0m
44:13:d0:f8:56:d4,Lat: 13.704712168547223, Lng: 100.64571025264522, Accuracy: 3.0m
da:a0:e8:4f:77:51,Lat: 13.704712168547223, Lng: 100.64571025264522, Accuracy: 3.0m
4a:e8:29:a2:a3:51,Lat: 13.70505251803971, Lng: 100.64562432336278, Accuracy: 3.0m
d8:a0:e8:3f:77:51,Lat: 13.704712168547223, Lng: 100.64571025264522, Accuracy: 3.0m
92:fd:73:93:c7:3a,Lat: 13.704712168547223, Lng: 100.64571025264522, Accuracy: 3.0m
90:fd:73:b3:c7:3a,Lat: 13.704712168547223, Lng: 100.64571025264522, Accuracy: 3.0m
64:20:e3:d1:86:74,Lat: 13.70505251803971, Lng: 100.64562432336278, Accuracy: 3.0m
66:20:e3:18:15:f6,Lat: 13.70505251803971, Lng: 100.64562432336278, Accuracy: 3.0m
dc:ef:80:6a:e4:14,Lat: 13.70505251803971, Lng: 100.64562432336278, Accuracy: 3.0m
d8:a0:e8:3f:77:50,Lat: 13.70505251803971, Lng: 100.64562432336278, Accuracy: 3.0m
fc:bc:d1:a1:99:3c,Lat: 13.70505251803971, Lng: 100.64562432336278, Accuracy: 3.0m
26:5a:4c:23:dc:75,Lat: 13.704712168547223, Lng: 100.64571025264522, Accuracy: 3.0m
26:5a:4c:13:dc:75,Lat: 13.704712168547223, Lng: 100.64571025264522, Accuracy: 3.0m
24:5a:4c:13:dc:75,Lat: 13.704712168547223, Lng: 100.64571025264522, Accuracy: 3.0m
84:78:48:3a:20:e3,Lat: 13.704712168547223, Lng: 100.64571025264522, Accuracy: 3.0m
66:20:e1:64:ae:a5,Lat: 13.704712168547223, Lng: 100.64571025264522, Accuracy: 3.0m
86:78:48:1a:20:e3,Lat: 13.704712168547223, Lng: 100.64571025264522, Accuracy: 3.0m
66:20:e1:c4:ae:a5,Lat: 13.704712168547223, Lng: 100.64571025264522, Accuracy: 3.0m
66:20:e3:11:6a:2e,Lat: 13.704712168547223, Lng: 100.64571025264522, Accuracy: 3.0m
64:20:e1:9e:1b:af,Lat: 13.704712168547223, Lng: 100.64571025264522, Accuracy: 3.0m
84:78:48:3a:24:2b,Lat: 13.704712168547223, Lng: 100.64571025264522, Accuracy: 3.0m
64:20:e3:d1:86:75,Lat: 13.704712168547223, Lng: 100.64571025264522, Accuracy: 3.0m
64:20:e3:41:6a:2f,Lat: 13.704712168547223, Lng: 100.64571025264522, Accuracy: 3.0m
66:20:e3:98:15:f6,Lat: 13.704712168547223, Lng: 100.64571025264522, Accuracy: 3.0m
20:9a:e9:19:ec:f6,Lat: 13.698814209289736, Lng: 100.64711946473956, Accuracy: 3.0708559m
28:6e:da:a8:f5:5f,Lat: 13.698814209289736, Lng: 100.64711946473956, Accuracy: 3.0708559m
28:6e:da:a8:f5:58,Lat: 13.698814209289736, Lng: 100.64711946473956, Accuracy: 3.0708559m
28:6e:da:a8:f5:5c,Lat: 13.698814209289736, Lng: 100.64711946473956, Accuracy: 3.0708559m
10:a4:be:4d:60:46,Lat: 13.698814209289736, Lng: 100.64711946473956, Accuracy: 3.0708559m
d4:01:68:f8:3e:90,Lat: 13.698814209289736, Lng: 100.64711946473956, Accuracy: 3.0708559m
9c:37:f4:59:b9:fe,Lat: 13.698814209289736, Lng: 100.64711946473956, Accuracy: 3.0708559m
16:b0:73:16:d1:6d,Lat: 13.698814209289736, Lng: 100.64711946473956, Accuracy: 3.0708559m
34:0a:33:89:b3:e3,Lat: 13.698814209289736, Lng: 100.64711946473956, Accuracy: 3.0708559m
16:11:5d:10:f9:a1,Lat: 13.698814209289736, Lng: 100.64711946473956, Accuracy: 3.0708559m
64:20:e3:f6:66:39,Lat: 13.698814209289736, Lng: 100.64711946473956, Accuracy: 3.0708559m
58:25:75:40:4c:50,Lat: 13.698814209289736, Lng: 100.64711946473956, Accuracy: 3.0708559m
86:93:b2:4f:8e:1d,Lat: 13.698814209289736, Lng: 100.64711946473956, Accuracy: 3.0708559m
28:6e:da:a8:70:2f,Lat: 13.698814209289736, Lng: 100.64711946473956, Accuracy: 3.0708559m
ea:81:75:1a:a7:6d,Lat: 13.692164219888948, Lng: 100.64726910273771, Accuracy: 3.1274588m
e8:81:75:2a:a7:6d,Lat: 13.692164219888948, Lng: 100.64726910273771, Accuracy: 3.1274588m
dc:ef:80:d1:4c:1b,Lat: 13.692164219888948, Lng: 100.64726910273771, Accuracy: 3.1274588m
dc:ef:80:d1:4c:18,Lat: 13.692164219888948, Lng: 100.64726910273771, Accuracy: 3.1274588m
88:dc:96:6d:f9:49,Lat: 13.692164219888948, Lng: 100.64726910273771, Accuracy: 3.1274588m
8e:dc:96:6d:f9:49,Lat: 13.692164219888948, Lng: 100.64726910273771, Accuracy: 3.1274588m
66:20:e3:96:bf:4e,Lat: 13.692164219888948, Lng: 100.64726910273771, Accuracy: 3.1274588m
dc:ef:80:d1:4c:14,Lat: 13.692164219888948, Lng: 100.64726910273771, Accuracy: 3.1274588m
38:ff:36:0f:75:68,Lat: 13.692164219888948, Lng: 100.64726910273771, Accuracy: 3.1274588m
30:99:35:82:4f:94,Lat: 13.692164219888948, Lng: 100.64726910273771, Accuracy: 3.1274588m
38:ff:36:8f:75:68,Lat: 13.692164219888948, Lng: 100.64726910273771, Accuracy: 3.1274588m
64:20:e3:93:97:de,Lat: 13.692164219888948, Lng: 100.64726910273771, Accuracy: 3.1274588m
38:ff:36:4f:75:68,Lat: 13.692164219888948, Lng: 100.64726910273771, Accuracy: 3.1274588m
74:83:c2:9b:04:3a,Lat: 13.692164219888948, Lng: 100.64726910273771, Accuracy: 3.1274588m
66:20:e3:13:97:de,Lat: 13.692164219888948, Lng: 100.64726910273771, Accuracy: 3.1274588m
b8:59:c8:2d:b3:fd,Lat: 13.692164219888948, Lng: 100.64726910273771, Accuracy: 3.1274588m
8e:dc:96:6d:f9:48,Lat: 13.692164219888948, Lng: 100.64726910273771, Accuracy: 3.1274588m
88:dc:96:6d:f9:48,Lat: 13.692164219888948, Lng: 100.64726910273771, Accuracy: 3.1274588m
7e:83:c2:9b:04:3a,Lat: 13.692164219888948, Lng: 100.64726910273771, Accuracy: 3.1274588m
7a:83:c2:9b:04:3a,Lat: 13.692164219888948, Lng: 100.64726910273771, Accuracy: 3.1274588m
98:ba:5f:ac:6c:58,Lat: 13.692164219888948, Lng: 100.64726910273771, Accuracy: 3.1274588m
48:7a:ff:c0:dd:0a,Lat: 13.692164219888948, Lng: 100.64726910273771, Accuracy: 3.1274588m
86:93:b2:43:55:31,Lat: 13.692164219888948, Lng: 100.64726910273771, Accuracy: 3.1274588m
98:ba:5f:ac:69:8f,Lat: 13.692164219888948, Lng: 100.64726910273771, Accuracy: 3.1274588m
70:f8:2b:dd:c0:e4,Lat: 13.692164219888948, Lng: 100.64726910273771, Accuracy: 3.1274588m
98:f1:12:13:a0:43,Lat: 13.692164219888948, Lng: 100.64726910273771, Accuracy: 3.1274588m
84:93:b2:23:55:31,Lat: 13.692164219888948, Lng: 100.64726910273771, Accuracy: 3.1274588m
14:2e:5e:20:d5:99,Lat: 13.692164219888948, Lng: 100.64726910273771, Accuracy: 3.1274588m
30:68:93:57:c8:eb,Lat: 13.692164219888948, Lng: 100.64726910273771, Accuracy: 3.1274588m
66:20:e3:93:97:de,Lat: 13.692164219888948, Lng: 100.64726910273771, Accuracy: 3.1274588m
30:68:93:57:c7:bd,Lat: 13.692164219888948, Lng: 100.64726910273771, Accuracy: 3.1274588m
58:b6:33:7f:b9:ec,Lat: 13.692164219888948, Lng: 100.64726910273771, Accuracy: 3.1274588m
98:ba:5f:ac:6f:45,Lat: 13.692164219888948, Lng: 100.64726910273771, Accuracy: 3.1274588m
64:20:e3:9d:21:d6,Lat: 13.684388343270466, Lng: 100.64668067711465, Accuracy: 3.1434152m
66:20:e3:1d:21:d6,Lat: 13.684388343270466, Lng: 100.64668067711465, Accuracy: 3.1434152m
66:20:e3:9d:21:d6,Lat: 13.684388343270466, Lng: 100.64668067711465, Accuracy: 3.1434152m
64:20:e3:9d:21:d7,Lat: 13.684388343270466, Lng: 100.64668067711465, Accuracy: 3.1434152m
20:58:69:c5:2e:fb,Lat: 13.684388343270466, Lng: 100.64668067711465, Accuracy: 3.1434152m
f6:e8:4f:47:1e:0d,Lat: 13.684388343270466, Lng: 100.64668067711465, Accuracy: 3.1434152m
64:20:e1:7b:1f:7d,Lat: 13.684388343270466, Lng: 100.64668067711465, Accuracy: 3.1434152m
5c:62:8b:84:c7:69,Lat: 13.684388343270466, Lng: 100.64668067711465, Accuracy: 3.1434152m
b4:b2:e9:18:b1:10,Lat: 13.684388343270466, Lng: 100.64668067711465, Accuracy: 3.1434152m
64:20:e1:7b:1f:7e,Lat: 13.684388343270466, Lng: 100.64668067711465, Accuracy: 3.1434152m
f4:e8:4f:57:1d:ef,Lat: 13.684388343270466, Lng: 100.64668067711465, Accuracy: 3.1434152m
f6:e8:4f:47:1d:ef,Lat: 13.684388343270466, Lng: 100.64668067711465, Accuracy: 3.1434152m
66:20:e1:0a:1f:7d,Lat: 13.684388343270466, Lng: 100.64668067711465, Accuracy: 3.1434152m
66:20:e3:91:d6:c4,Lat: 13.684388343270466, Lng: 100.64668067711465, Accuracy: 3.1434152m
9e:ae:d3:f6:e9:c3,Lat: 13.684388343270466, Lng: 100.64668067711465, Accuracy: 3.1434152m
44:13:d0:bd:d8:ad,Lat: 13.6781808201347, Lng: 100.64612556443966, Accuracy: 3.0m
44:13:d0:bd:d8:af,Lat: 13.6781808201347, Lng: 100.64612556443966, Accuracy: 3.0m
20:9a:e9:29:cc:f0,Lat: 13.6781808201347, Lng: 100.64612556443966, Accuracy: 3.0m
d2:1b:45:25:88:30,Lat: 13.6781808201347, Lng: 100.64612556443966, Accuracy: 3.0m
c4:3c:b0:20:cf:3f,Lat: 13.6781808201347, Lng: 100.64612556443966, Accuracy: 3.0m
04:4f:17:11:2b:bd,Lat: 13.6781808201347, Lng: 100.64612556443966, Accuracy: 3.0m
6a:a2:f4:08:31:33,Lat: 13.6781808201347, Lng: 100.64612556443966, Accuracy: 3.0m
66:20:e1:10:12:f6,Lat: 13.6781808201347, Lng: 100.64612556443966, Accuracy: 3.0m
ae:61:69:63:c9:a9,Lat: 13.6781808201347, Lng: 100.64612556443966, Accuracy: 3.0m
80:41:26:6d:4e:b4,Lat: 13.6781808201347, Lng: 100.64612556443966, Accuracy: 3.0m
72:a2:f4:08:31:34,Lat: 13.6781808201347, Lng: 100.64612556443966, Accuracy: 3.0m
80:41:26:6d:4e:b8,Lat: 13.6781808201347, Lng: 100.64612556443966, Accuracy: 3.0m
f4:e5:f2:18:d1:18,Lat: 13.6781808201347, Lng: 100.64612556443966, Accuracy: 3.0m
bc:fd:0c:5a:1f:1a,Lat: 13.6781808201347, Lng: 100.64612556443966, Accuracy: 3.0m
6a:a2:f4:08:31:34,Lat: 13.6781808201347, Lng: 100.64612556443966, Accuracy: 3.0m
66:97:d7:64:bb:57,Lat: 13.6781808201347, Lng: 100.64612556443966, Accuracy: 3.0m
66:20:e1:90:12:f6,Lat: 13.6781808201347, Lng: 100.64612556443966, Accuracy: 3.0m
64:20:e3:d1:45:d4,Lat: 13.6781808201347, Lng: 100.64612556443966, Accuracy: 3.0m
e4:66:ab:f3:b0:54,Lat: 13.6781808201347, Lng: 100.64612556443966, Accuracy: 3.0m
fe:de:26:e2:e1:31,Lat: 13.6781808201347, Lng: 100.64612556443966, Accuracy: 3.0m
16:11:5d:94:5b:f9,Lat: 13.6781808201347, Lng: 100.64612556443966, Accuracy: 3.0m
28:bb:ea:51:ca:8e,Lat: 13.6781808201347, Lng: 100.64612556443966, Accuracy: 3.0m
e4:8d:8c:9f:07:b1,Lat: 13.6781808201347, Lng: 100.64612556443966, Accuracy: 3.0m
64:20:e1:90:12:f6,Lat: 13.6781808201347, Lng: 100.64612556443966, Accuracy: 3.0m
2c:4d:54:04:08:b8,Lat: 13.6781808201347, Lng: 100.64612556443966, Accuracy: 3.0m
38:2a:8b:41:a4:a9,Lat: 13.6781808201347, Lng: 100.64612556443966, Accuracy: 3.0m
7e:44:54:dd:81:19,Lat: 13.6781808201347, Lng: 100.64612556443966, Accuracy: 3.0m
bc:fd:0c:47:ec:fb,Lat: 13.6781808201347, Lng: 100.64612556443966, Accuracy: 3.0m
00:e0:20:1a:5a:63,Lat: 13.6781808201347, Lng: 100.64612556443966, Accuracy: 3.0m
e6:8d:8c:9f:07:b1,Lat: 13.6781808201347, Lng: 100.64612556443966, Accuracy: 3.0m
a0:3d:6f:04:ea:91,Lat: 13.6781808201347, Lng: 100.64612556443966, Accuracy: 3.0m
20:9a:e9:29:cc:eb,Lat: 13.6781808201347, Lng: 100.64612556443966, Accuracy: 3.0m
a0:3d:6f:04:ea:92,Lat: 13.6781808201347, Lng: 100.64612556443966, Accuracy: 3.0m
a0:3d:6f:04:ea:90,Lat: 13.6781808201347, Lng: 100.64612556443966, Accuracy: 3.0m
68:8f:c9:90:57:30,Lat: 13.6781808201347, Lng: 100.64612556443966, Accuracy: 3.0m
ca:06:c3:76:a4:14,Lat: 13.6781808201347, Lng: 100.64612556443966, Accuracy: 3.0m
0c:01:4b:45:da:d7,Lat: 13.6810421, Lng: 100.6106281, Accuracy: 15.694m
0e:01:4b:45:da:d7,Lat: 13.6810421, Lng: 100.6106281, Accuracy: 15.694m
0c:01:4b:45:da:d6,Lat: 13.6807076, Lng: 100.6099783, Accuracy: 100.0m
f4:e8:4f:55:df:6b,Lat: 13.6810421, Lng: 100.6106281, Accuracy: 15.694m
b8:5d:c3:02:68:9c,Lat: 13.6810421, Lng: 100.6106281, Accuracy: 15.694m
16:ca:56:45:f9:22,Lat: 13.6810421, Lng: 100.6106281, Accuracy: 15.694m
66:20:e3:1e:94:f6,Lat: 13.6810421, Lng: 100.6106281, Accuracy: 15.694m
64:20:e3:ae:94:f6,Lat: 13.6810421, Lng: 100.6106281, Accuracy: 15.694m
f6:e8:4f:45:df:6b,Lat: 13.6810421, Lng: 100.6106281, Accuracy: 15.694m
e2:a1:ce:7c:36:32,Lat: 13.6810421, Lng: 100.6106281, Accuracy: 15.694m
f8:af:db:e6:64:e6,Lat: 13.6810421, Lng: 100.6106281, Accuracy: 15.694m